org;dest
1100023;1100015
1100031;1100023
1100049;1100031
1100056;1100049
1100064;1100056
1100072;1100064
1100080;1100072
1100098;1100080
1100106;1100098
1100114;1100106
1100122;1100114
1100130;1100122
1100148;1100130
1100155;1100148
1100189;1100155
1100205;1100189
1100254;1100205
1100262;1100254
1100288;1100262
1100296;1100288
1100304;1100296
1100320;1100304
1100338;1100320
1100346;1100338
1100379;1100346
1100403;1100379
1100452;1100403
1100502;1100452
1100601;1100502
1100700;1100601
1100809;1100700
1100908;1100809
1100924;1100908
1100940;1100924
1101005;1100940
1101104;1101005
1101203;1101104
1101302;1101203
1101401;1101302
1101435;1101401
1101450;1101435
1101468;1101450
1101476;1101468
1101484;1101476
1101492;1101484
1101500;1101492
1101559;1101500
1101609;1101559
1101708;1101609
1101757;1101708
1101807;1101757
1200013;1101807
1200054;1200013
1200104;1200054
1200138;1200104
1200179;1200138
1200203;1200179
1200252;1200203
1200302;1200252
1200328;1200302
1200336;1200328
1200344;1200336
1200351;1200344
1200385;1200351
1200393;1200385
1200401;1200393
1200427;1200401
1200435;1200427
1200450;1200435
1200500;1200450
1200609;1200500
1200708;1200609
1200807;1200708
1300029;1200807
1300060;1300029
1300086;1300060
1300102;1300086
1300144;1300102
1300201;1300144
1300300;1300201
1300409;1300300
1300508;1300409
1300607;1300508
1300631;1300607
1300680;1300631
1300706;1300680
1300805;1300706
1300839;1300805
1300904;1300839
1301001;1300904
1301100;1301001
1301159;1301100
1301209;1301159
1301308;1301209
1301407;1301308
1301506;1301407
1301605;1301506
1301654;1301605
1301704;1301654
1301803;1301704
1301852;1301803
1301902;1301852
1301951;1301902
1302009;1301951
1302108;1302009
1302207;1302108
1302306;1302207
1302405;1302306
1302504;1302405
1302553;1302504
1302603;1302553
1302702;1302603
1302801;1302702
1302900;1302801
1303007;1302900
1303106;1303007
1303205;1303106
1303304;1303205
1303403;1303304
1303502;1303403
1303536;1303502
1303569;1303536
1303601;1303569
1303700;1303601
1303809;1303700
1303908;1303809
1303957;1303908
1304005;1303957
1304062;1304005
1304104;1304062
1304203;1304104
1304237;1304203
1304260;1304237
1304302;1304260
1304401;1304302
1400027;1304401
1400050;1400027
1400100;1400050
1400159;1400100
1400175;1400159
1400209;1400175
1400233;1400209
1400282;1400233
1400308;1400282
1400407;1400308
1400456;1400407
1400472;1400456
1400506;1400472
1400605;1400506
1400704;1400605
1500107;1400704
1500131;1500107
1500206;1500131
1500305;1500206
1500347;1500305
1500404;1500347
1500503;1500404
1500602;1500503
1500701;1500602
1500800;1500701
1500859;1500800
1500909;1500859
1500958;1500909
1501006;1500958
1501105;1501006
1501204;1501105
1501253;1501204
1501303;1501253
1501402;1501303
1501451;1501402
1501501;1501451
1501576;1501501
1501600;1501576
1501709;1501600
1501725;1501709
1501758;1501725
1501782;1501758
1501808;1501782
1501907;1501808
1501956;1501907
1502004;1501956
1502103;1502004
1502152;1502103
1502202;1502152
1502301;1502202
1502400;1502301
1502509;1502400
1502608;1502509
1502707;1502608
1502756;1502707
1502764;1502756
1502772;1502764
1502806;1502772
1502855;1502806
1502905;1502855
1502939;1502905
1502954;1502939
1503002;1502954
1503044;1503002
1503077;1503044
1503093;1503077
1503101;1503093
1503200;1503101
1503309;1503200
1503408;1503309
1503457;1503408
1503507;1503457
1503606;1503507
1503705;1503606
1503754;1503705
1503804;1503754
1503903;1503804
1504000;1503903
1504059;1504000
1504109;1504059
1504208;1504109
1504307;1504208
1504406;1504307
1504422;1504406
1504455;1504422
1504505;1504455
1504604;1504505
1504703;1504604
1504802;1504703
1504901;1504802
1504950;1504901
1504976;1504950
1505007;1504976
1505031;1505007
1505064;1505031
1505106;1505064
1505205;1505106
1505304;1505205
1505403;1505304
1505437;1505403
1505486;1505437
1505494;1505486
1505502;1505494
1505536;1505502
1505551;1505536
1505601;1505551
1505635;1505601
1505650;1505635
1505700;1505650
1505809;1505700
1505908;1505809
1506005;1505908
1506104;1506005
1506112;1506104
1506138;1506112
1506161;1506138
1506187;1506161
1506195;1506187
1506203;1506195
1506302;1506203
1506351;1506302
1506401;1506351
1506500;1506401
1506559;1506500
1506583;1506559
1506609;1506583
1506708;1506609
1506807;1506708
1506906;1506807
1507003;1506906
1507102;1507003
1507151;1507102
1507201;1507151
1507300;1507201
1507409;1507300
1507458;1507409
1507466;1507458
1507474;1507466
1507508;1507474
1507607;1507508
1507706;1507607
1507755;1507706
1507805;1507755
1507904;1507805
1507953;1507904
1507961;1507953
1507979;1507961
1508001;1507979
1508035;1508001
1508050;1508035
1508084;1508050
1508100;1508084
1508126;1508100
1508159;1508126
1508209;1508159
1508308;1508209
1508357;1508308
1508407;1508357
1600055;1508407
1600105;1600055
1600154;1600105
1600204;1600154
1600212;1600204
1600238;1600212
1600253;1600238
1600279;1600253
1600303;1600279
1600402;1600303
1600501;1600402
1600535;1600501
1600550;1600535
1600600;1600550
1600709;1600600
1600808;1600709
1700251;1600808
1700301;1700251
1700350;1700301
1700400;1700350
1700707;1700400
1701002;1700707
1701051;1701002
1701101;1701051
1701309;1701101
1701903;1701309
1702000;1701903
1702109;1702000
1702158;1702109
1702208;1702158
1702307;1702208
1702406;1702307
1702554;1702406
1702703;1702554
1702901;1702703
1703008;1702901
1703057;1703008
1703073;1703057
1703107;1703073
1703206;1703107
1703305;1703206
1703602;1703305
1703701;1703602
1703800;1703701
1703826;1703800
1703842;1703826
1703867;1703842
1703883;1703867
1703891;1703883
1703909;1703891
1704105;1703909
1704600;1704105
1705102;1704600
1705508;1705102
1705557;1705508
1705607;1705557
1706001;1705607
1706100;1706001
1706258;1706100
1706506;1706258
1707009;1706506
1707108;1707009
1707207;1707108
1707306;1707207
1707405;1707306
1707553;1707405
1707652;1707553
1707702;1707652
1708205;1707702
1708254;1708205
1708304;1708254
1709005;1708304
1709302;1709005
1709500;1709302
1709807;1709500
1710508;1709807
1710706;1710508
1710904;1710706
1711100;1710904
1711506;1711100
1711803;1711506
1711902;1711803
1711951;1711902
1712009;1711951
1712157;1712009
1712405;1712157
1712454;1712405
1712504;1712454
1712702;1712504
1712801;1712702
1713205;1712801
1713304;1713205
1713601;1713304
1713700;1713601
1713809;1713700
1713957;1713809
1714203;1713957
1714302;1714203
1714880;1714302
1715002;1714880
1715101;1715002
1715150;1715101
1715259;1715150
1715507;1715259
1715705;1715507
1715754;1715705
1716109;1715754
1716208;1716109
1716307;1716208
1716505;1716307
1716604;1716505
1716653;1716604
1716703;1716653
1717008;1716703
1717206;1717008
1717503;1717206
1717800;1717503
1717909;1717800
1718006;1717909
1718204;1718006
1718303;1718204
1718402;1718303
1718451;1718402
1718501;1718451
1718550;1718501
1718659;1718550
1718709;1718659
1718758;1718709
1718808;1718758
1718840;1718808
1718865;1718840
1718881;1718865
1718899;1718881
1718907;1718899
1719004;1718907
1720002;1719004
1720101;1720002
1720150;1720101
1720200;1720150
1720259;1720200
1720309;1720259
1720499;1720309
1720655;1720499
1720804;1720655
1720853;1720804
1720903;1720853
1720937;1720903
1720978;1720937
1721000;1720978
1721109;1721000
1721208;1721109
1721257;1721208
1721307;1721257
1722081;1721307
1722107;1722081
2100055;1722107
2100105;2100055
2100154;2100105
2100204;2100154
2100303;2100204
2100402;2100303
2100436;2100402
2100477;2100436
2100501;2100477
2100550;2100501
2100600;2100550
2100709;2100600
2100808;2100709
2100832;2100808
2100873;2100832
2100907;2100873
2100956;2100907
2101004;2100956
2101103;2101004
2101202;2101103
2101251;2101202
2101301;2101251
2101350;2101301
2101400;2101350
2101509;2101400
2101608;2101509
2101707;2101608
2101731;2101707
2101772;2101731
2101806;2101772
2101905;2101806
2101939;2101905
2101970;2101939
2102002;2101970
2102036;2102002
2102077;2102036
2102101;2102077
2102150;2102101
2102200;2102150
2102309;2102200
2102325;2102309
2102358;2102325
2102374;2102358
2102408;2102374
2102507;2102408
2102556;2102507
2102606;2102556
2102705;2102606
2102754;2102705
2102804;2102754
2102903;2102804
2103000;2102903
2103109;2103000
2103125;2103109
2103158;2103125
2103174;2103158
2103208;2103174
2103257;2103208
2103307;2103257
2103406;2103307
2103505;2103406
2103554;2103505
2103604;2103554
2103703;2103604
2103752;2103703
2103802;2103752
2103901;2103802
2104008;2103901
2104057;2104008
2104073;2104057
2104081;2104073
2104099;2104081
2104107;2104099
2104206;2104107
2104305;2104206
2104404;2104305
2104503;2104404
2104552;2104503
2104602;2104552
2104628;2104602
2104651;2104628
2104677;2104651
2104701;2104677
2104800;2104701
2104909;2104800
2105005;2104909
2105104;2105005
2105153;2105104
2105203;2105153
2105302;2105203
2105351;2105302
2105401;2105351
2105427;2105401
2105450;2105427
2105476;2105450
2105500;2105476
2105609;2105500
2105658;2105609
2105708;2105658
2105807;2105708
2105906;2105807
2105922;2105906
2105948;2105922
2105963;2105948
2105989;2105963
2106003;2105989
2106102;2106003
2106201;2106102
2106300;2106201
2106326;2106300
2106359;2106326
2106375;2106359
2106409;2106375
2106508;2106409
2106607;2106508
2106631;2106607
2106672;2106631
2106706;2106672
2106755;2106706
2106805;2106755
2106904;2106805
2107001;2106904
2107100;2107001
2107209;2107100
2107258;2107209
2107308;2107258
2107357;2107308
2107407;2107357
2107456;2107407
2107506;2107456
2107605;2107506
2107704;2107605
2107803;2107704
2107902;2107803
2108009;2107902
2108058;2108009
2108108;2108058
2108207;2108108
2108256;2108207
2108306;2108256
2108405;2108306
2108454;2108405
2108504;2108454
2108603;2108504
2108702;2108603
2108801;2108702
2108900;2108801
2109007;2108900
2109056;2109007
2109106;2109056
2109205;2109106
2109239;2109205
2109270;2109239
2109304;2109270
2109403;2109304
2109452;2109403
2109502;2109452
2109551;2109502
2109601;2109551
2109700;2109601
2109759;2109700
2109809;2109759
2109908;2109809
2110005;2109908
2110039;2110005
2110104;2110039
2110203;2110104
2110237;2110203
2110278;2110237
2110302;2110278
2110401;2110302
2110500;2110401
2110609;2110500
2110658;2110609
2110708;2110658
2110807;2110708
2110856;2110807
2110906;2110856
2111003;2110906
2111029;2111003
2111052;2111029
2111078;2111052
2111102;2111078
2111201;2111102
2111250;2111201
2111300;2111250
2111409;2111300
2111508;2111409
2111532;2111508
2111573;2111532
2111607;2111573
2111631;2111607
2111672;2111631
2111706;2111672
2111722;2111706
2111748;2111722
2111763;2111748
2111789;2111763
2111805;2111789
2111904;2111805
2111953;2111904
2112001;2111953
2112100;2112001
2112209;2112100
2112233;2112209
2112274;2112233
2112308;2112274
2112407;2112308
2112456;2112407
2112506;2112456
2112605;2112506
2112704;2112605
2112803;2112704
2112852;2112803
2112902;2112852
2113009;2112902
2114007;2113009
2200053;2114007
2200103;2200053
2200202;2200103
2200251;2200202
2200277;2200251
2200301;2200277
2200400;2200301
2200459;2200400
2200509;2200459
2200608;2200509
2200707;2200608
2200806;2200707
2200905;2200806
2200954;2200905
2201002;2200954
2201051;2201002
2201101;2201051
2201150;2201101
2201176;2201150
2201200;2201176
2201309;2201200
2201408;2201309
2201507;2201408
2201556;2201507
2201572;2201556
2201606;2201572
2201705;2201606
2201739;2201705
2201770;2201739
2201804;2201770
2201903;2201804
2201919;2201903
2201929;2201919
2201945;2201929
2201960;2201945
2201988;2201960
2202000;2201988
2202026;2202000
2202059;2202026
2202075;2202059
2202083;2202075
2202091;2202083
2202109;2202091
2202117;2202109
2202133;2202117
2202174;2202133
2202208;2202174
2202251;2202208
2202307;2202251
2202406;2202307
2202455;2202406
2202505;2202455
2202539;2202505
2202554;2202539
2202604;2202554
2202653;2202604
2202703;2202653
2202711;2202703
2202729;2202711
2202737;2202729
2202752;2202737
2202778;2202752
2202802;2202778
2202851;2202802
2202901;2202851
2203008;2202901
2203107;2203008
2203206;2203107
2203230;2203206
2203255;2203230
2203271;2203255
2203305;2203271
2203354;2203305
2203404;2203354
2203420;2203404
2203453;2203420
2203503;2203453
2203602;2203503
2203701;2203602
2203750;2203701
2203800;2203750
2203859;2203800
2203909;2203859
2204006;2203909
2204105;2204006
2204154;2204105
2204204;2204154
2204303;2204204
2204352;2204303
2204402;2204352
2204501;2204402
2204550;2204501
2204600;2204550
2204659;2204600
2204709;2204659
2204808;2204709
2204907;2204808
2205003;2204907
2205102;2205003
2205151;2205102
2205201;2205151
2205250;2205201
2205276;2205250
2205300;2205276
2205359;2205300
2205409;2205359
2205458;2205409
2205508;2205458
2205516;2205508
2205524;2205516
2205532;2205524
2205540;2205532
2205557;2205540
2205565;2205557
2205573;2205565
2205581;2205573
2205599;2205581
2205607;2205599
2205706;2205607
2205805;2205706
2205854;2205805
2205904;2205854
2205953;2205904
2206001;2205953
2206050;2206001
2206100;2206050
2206209;2206100
2206308;2206209
2206357;2206308
2206407;2206357
2206506;2206407
2206605;2206506
2206654;2206605
2206670;2206654
2206696;2206670
2206704;2206696
2206753;2206704
2206803;2206753
2206902;2206803
2206951;2206902
2207009;2206951
2207108;2207009
2207207;2207108
2207306;2207207
2207355;2207306
2207405;2207355
2207504;2207405
2207553;2207504
2207603;2207553
2207702;2207603
2207751;2207702
2207777;2207751
2207793;2207777
2207801;2207793
2207850;2207801
2207900;2207850
2207934;2207900
2207959;2207934
2208007;2207959
2208106;2208007
2208205;2208106
2208304;2208205
2208403;2208304
2208502;2208403
2208551;2208502
2208601;2208551
2208650;2208601
2208700;2208650
2208809;2208700
2208858;2208809
2208874;2208858
2208908;2208874
2209005;2208908
2209104;2209005
2209153;2209104
2209203;2209153
2209302;2209203
2209351;2209302
2209377;2209351
2209401;2209377
2209450;2209401
2209500;2209450
2209559;2209500
2209609;2209559
2209658;2209609
2209708;2209658
2209757;2209708
2209807;2209757
2209856;2209807
2209872;2209856
2209906;2209872
2209955;2209906
2209971;2209955
2210003;2209971
2210052;2210003
2210102;2210052
2210201;2210102
2210300;2210201
2210359;2210300
2210375;2210359
2210383;2210375
2210391;2210383
2210409;2210391
2210508;2210409
2210607;2210508
2210623;2210607
2210631;2210623
2210656;2210631
2210706;2210656
2210805;2210706
2210904;2210805
2210938;2210904
2210953;2210938
2210979;2210953
2211001;2210979
2211100;2211001
2211209;2211100
2211308;2211209
2211357;2211308
2211407;2211357
2211506;2211407
2211605;2211506
2211704;2211605
2300101;2211704
2300150;2300101
2300200;2300150
2300309;2300200
2300408;2300309
2300507;2300408
2300606;2300507
2300705;2300606
2300754;2300705
2300804;2300754
2300903;2300804
2301000;2300903
2301109;2301000
2301208;2301109
2301257;2301208
2301307;2301257
2301406;2301307
2301505;2301406
2301604;2301505
2301703;2301604
2301802;2301703
2301851;2301802
2301901;2301851
2301950;2301901
2302008;2301950
2302057;2302008
2302107;2302057
2302206;2302107
2302305;2302206
2302404;2302305
2302503;2302404
2302602;2302503
2302701;2302602
2302800;2302701
2302909;2302800
2303006;2302909
2303105;2303006
2303204;2303105
2303303;2303204
2303402;2303303
2303501;2303402
2303600;2303501
2303659;2303600
2303709;2303659
2303808;2303709
2303907;2303808
2303931;2303907
2303956;2303931
2304004;2303956
2304103;2304004
2304202;2304103
2304236;2304202
2304251;2304236
2304269;2304251
2304277;2304269
2304285;2304277
2304301;2304285
2304350;2304301
2304400;2304350
2304459;2304400
2304509;2304459
2304608;2304509
2304657;2304608
2304707;2304657
2304806;2304707
2304905;2304806
2304954;2304905
2305001;2304954
2305100;2305001
2305209;2305100
2305233;2305209
2305266;2305233
2305308;2305266
2305332;2305308
2305357;2305332
2305407;2305357
2305506;2305407
2305605;2305506
2305654;2305605
2305704;2305654
2305803;2305704
2305902;2305803
2306009;2305902
2306108;2306009
2306207;2306108
2306256;2306207
2306306;2306256
2306405;2306306
2306504;2306405
2306553;2306504
2306603;2306553
2306702;2306603
2306801;2306702
2306900;2306801
2307007;2306900
2307106;2307007
2307205;2307106
2307254;2307205
2307304;2307254
2307403;2307304
2307502;2307403
2307601;2307502
2307635;2307601
2307650;2307635
2307700;2307650
2307809;2307700
2307908;2307809
2308005;2307908
2308104;2308005
2308203;2308104
2308302;2308203
2308351;2308302
2308377;2308351
2308401;2308377
2308500;2308401
2308609;2308500
2308708;2308609
2308807;2308708
2308906;2308807
2309003;2308906
2309102;2309003
2309201;2309102
2309300;2309201
2309409;2309300
2309458;2309409
2309508;2309458
2309607;2309508
2309706;2309607
2309805;2309706
2309904;2309805
2310001;2309904
2310100;2310001
2310209;2310100
2310258;2310209
2310308;2310258
2310407;2310308
2310506;2310407
2310605;2310506
2310704;2310605
2310803;2310704
2310852;2310803
2310902;2310852
2310951;2310902
2311009;2310951
2311108;2311009
2311207;2311108
2311231;2311207
2311264;2311231
2311306;2311264
2311355;2311306
2311405;2311355
2311504;2311405
2311603;2311504
2311702;2311603
2311801;2311702
2311900;2311801
2311959;2311900
2312007;2311959
2312106;2312007
2312205;2312106
2312304;2312205
2312403;2312304
2312502;2312403
2312601;2312502
2312700;2312601
2312809;2312700
2312908;2312809
2313005;2312908
2313104;2313005
2313203;2313104
2313252;2313203
2313302;2313252
2313351;2313302
2313401;2313351
2313500;2313401
2313559;2313500
2313609;2313559
2313708;2313609
2313757;2313708
2313807;2313757
2313906;2313807
2313955;2313906
2314003;2313955
2314102;2314003
2400109;2314102
2400208;2400109
2400307;2400208
2400406;2400307
2400505;2400406
2400604;2400505
2400703;2400604
2400802;2400703
2400901;2400802
2401008;2400901
2401107;2401008
2401206;2401107
2401305;2401206
2401404;2401305
2401453;2401404
2401503;2401453
2401602;2401503
2401651;2401602
2401701;2401651
2401800;2401701
2401859;2401800
2401909;2401859
2402006;2401909
2402105;2402006
2402204;2402105
2402303;2402204
2402402;2402303
2402501;2402402
2402600;2402501
2402709;2402600
2402808;2402709
2402907;2402808
2403004;2402907
2403103;2403004
2403202;2403103
2403251;2403202
2403301;2403251
2403400;2403301
2403509;2403400
2403608;2403509
2403707;2403608
2403756;2403707
2403806;2403756
2403905;2403806
2404002;2403905
2404101;2404002
2404200;2404101
2404309;2404200
2404408;2404309
2404507;2404408
2404606;2404507
2404705;2404606
2404804;2404705
2404853;2404804
2404903;2404853
2405009;2404903
2405108;2405009
2405207;2405108
2405306;2405207
2405405;2405306
2405504;2405405
2405603;2405504
2405702;2405603
2405801;2405702
2405900;2405801
2406007;2405900
2406106;2406007
2406155;2406106
2406205;2406155
2406304;2406205
2406403;2406304
2406502;2406403
2406601;2406502
2406700;2406601
2406809;2406700
2406908;2406809
2407005;2406908
2407104;2407005
2407203;2407104
2407252;2407203
2407302;2407252
2407401;2407302
2407500;2407401
2407609;2407500
2407708;2407609
2407807;2407708
2407906;2407807
2408003;2407906
2408102;2408003
2408201;2408102
2408300;2408201
2408409;2408300
2408508;2408409
2408607;2408508
2408706;2408607
2408805;2408706
2408904;2408805
2408953;2408904
2409100;2408953
2409209;2409100
2409308;2409209
2409332;2409308
2409407;2409332
2409506;2409407
2409605;2409506
2409704;2409605
2409803;2409704
2409902;2409803
2410009;2409902
2410108;2410009
2410207;2410108
2410256;2410207
2410306;2410256
2410405;2410306
2410504;2410405
2410603;2410504
2410702;2410603
2410801;2410702
2410900;2410801
2411007;2410900
2411056;2411007
2411106;2411056
2411205;2411106
2411403;2411205
2411429;2411403
2411502;2411429
2411601;2411502
2411700;2411601
2411809;2411700
2411908;2411809
2412005;2411908
2412104;2412005
2412203;2412104
2412302;2412203
2412401;2412302
2412500;2412401
2412559;2412500
2412609;2412559
2412708;2412609
2412807;2412708
2412906;2412807
2413003;2412906
2413102;2413003
2413201;2413102
2413300;2413201
2413359;2413300
2413409;2413359
2413508;2413409
2413557;2413508
2413607;2413557
2413706;2413607
2413805;2413706
2413904;2413805
2414001;2413904
2414100;2414001
2414159;2414100
2414209;2414159
2414308;2414209
2414407;2414308
2414456;2414407
2414506;2414456
2414605;2414506
2414704;2414605
2414753;2414704
2414803;2414753
2414902;2414803
2415008;2414902
2500106;2415008
2500205;2500106
2500304;2500205
2500403;2500304
2500502;2500403
2500536;2500502
2500577;2500536
2500601;2500577
2500700;2500601
2500734;2500700
2500775;2500734
2500809;2500775
2500908;2500809
2501005;2500908
2501104;2501005
2501153;2501104
2501203;2501153
2501302;2501203
2501351;2501302
2501401;2501351
2501500;2501401
2501534;2501500
2501575;2501534
2501609;2501575
2501708;2501609
2501807;2501708
2501906;2501807
2502003;2501906
2502052;2502003
2502102;2502052
2502151;2502102
2502201;2502151
2502300;2502201
2502409;2502300
2502508;2502409
2502607;2502508
2502706;2502607
2502805;2502706
2502904;2502805
2503001;2502904
2503100;2503001
2503209;2503100
2503308;2503209
2503407;2503308
2503506;2503407
2503555;2503506
2503605;2503555
2503704;2503605
2503753;2503704
2503803;2503753
2503902;2503803
2504009;2503902
2504033;2504009
2504074;2504033
2504108;2504074
2504157;2504108
2504207;2504157
2504306;2504207
2504355;2504306
2504405;2504355
2504504;2504405
2504603;2504504
2504702;2504603
2504801;2504702
2504850;2504801
2504900;2504850
2505006;2504900
2505105;2505006
2505204;2505105
2505238;2505204
2505279;2505238
2505303;2505279
2505352;2505303
2505402;2505352
2505501;2505402
2505600;2505501
2505709;2505600
2505808;2505709
2505907;2505808
2506004;2505907
2506103;2506004
2506202;2506103
2506251;2506202
2506301;2506251
2506400;2506301
2506509;2506400
2506608;2506509
2506707;2506608
2506806;2506707
2506905;2506806
2507002;2506905
2507101;2507002
2507200;2507101
2507309;2507200
2507408;2507309
2507507;2507408
2507606;2507507
2507705;2507606
2507804;2507705
2507903;2507804
2508000;2507903
2508109;2508000
2508208;2508109
2508307;2508208
2508406;2508307
2508505;2508406
2508554;2508505
2508604;2508554
2508703;2508604
2508802;2508703
2508901;2508802
2509008;2508901
2509057;2509008
2509107;2509057
2509156;2509107
2509206;2509156
2509305;2509206
2509339;2509305
2509370;2509339
2509396;2509370
2509404;2509396
2509503;2509404
2509602;2509503
2509701;2509602
2509800;2509701
2509909;2509800
2510006;2509909
2510105;2510006
2510204;2510105
2510303;2510204
2510402;2510303
2510501;2510402
2510600;2510501
2510659;2510600
2510709;2510659
2510808;2510709
2510907;2510808
2511004;2510907
2511103;2511004
2511202;2511103
2511301;2511202
2511400;2511301
2511509;2511400
2511608;2511509
2511707;2511608
2511806;2511707
2511905;2511806
2512002;2511905
2512036;2512002
2512077;2512036
2512101;2512077
2512200;2512101
2512309;2512200
2512408;2512309
2512507;2512408
2512606;2512507
2512705;2512606
2512721;2512705
2512747;2512721
2512754;2512747
2512762;2512754
2512788;2512762
2512804;2512788
2512903;2512804
2513000;2512903
2513109;2513000
2513158;2513109
2513208;2513158
2513307;2513208
2513356;2513307
2513406;2513356
2513505;2513406
2513604;2513505
2513653;2513604
2513703;2513653
2513802;2513703
2513851;2513802
2513901;2513851
2513927;2513901
2513943;2513927
2513984;2513943
2514008;2513984
2514107;2514008
2514206;2514107
2514305;2514206
2514404;2514305
2514453;2514404
2514503;2514453
2514552;2514503
2514602;2514552
2514651;2514602
2514701;2514651
2514800;2514701
2514909;2514800
2515005;2514909
2515104;2515005
2515203;2515104
2515302;2515203
2515401;2515302
2515500;2515401
2515609;2515500
2515708;2515609
2515807;2515708
2515906;2515807
2515930;2515906
2515971;2515930
2516003;2515971
2516102;2516003
2516151;2516102
2516201;2516151
2516300;2516201
2516409;2516300
2516508;2516409
2516607;2516508
2516706;2516607
2516755;2516706
2516805;2516755
2516904;2516805
2517001;2516904
2517100;2517001
2517209;2517100
2517407;2517209
2600054;2517407
2600104;2600054
2600203;2600104
2600302;2600203
2600401;2600302
2600500;2600401
2600609;2600500
2600708;2600609
2600807;2600708
2600906;2600807
2601003;2600906
2601052;2601003
2601102;2601052
2601201;2601102
2601300;2601201
2601409;2601300
2601508;2601409
2601607;2601508
2601706;2601607
2601805;2601706
2601904;2601805
2602001;2601904
2602100;2602001
2602209;2602100
2602308;2602209
2602407;2602308
2602506;2602407
2602605;2602506
2602704;2602605
2602803;2602704
2602902;2602803
2603009;2602902
2603108;2603009
2603207;2603108
2603306;2603207
2603405;2603306
2603454;2603405
2603504;2603454
2603603;2603504
2603702;2603603
2603801;2603702
2603900;2603801
2603926;2603900
2604007;2603926
2604106;2604007
2604155;2604106
2604205;2604155
2604304;2604205
2604403;2604304
2604502;2604403
2604601;2604502
2604700;2604601
2604809;2604700
2604908;2604809
2605004;2604908
2605103;2605004
2605152;2605103
2605202;2605152
2605301;2605202
2605400;2605301
2605459;2605400
2605509;2605459
2605608;2605509
2605707;2605608
2605806;2605707
2605905;2605806
2606002;2605905
2606101;2606002
2606200;2606101
2606309;2606200
2606408;2606309
2606507;2606408
2606606;2606507
2606705;2606606
2606804;2606705
2606903;2606804
2607000;2606903
2607109;2607000
2607208;2607109
2607307;2607208
2607406;2607307
2607505;2607406
2607604;2607505
2607653;2607604
2607703;2607653
2607752;2607703
2607802;2607752
2607901;2607802
2607950;2607901
2608008;2607950
2608057;2608008
2608107;2608057
2608206;2608107
2608255;2608206
2608305;2608255
2608404;2608305
2608453;2608404
2608503;2608453
2608602;2608503
2608701;2608602
2608750;2608701
2608800;2608750
2608909;2608800
2609006;2608909
2609105;2609006
2609154;2609105
2609204;2609154
2609303;2609204
2609402;2609303
2609501;2609402
2609600;2609501
2609709;2609600
2609808;2609709
2609907;2609808
2610004;2609907
2610103;2610004
2610202;2610103
2610301;2610202
2610400;2610301
2610509;2610400
2610608;2610509
2610707;2610608
2610806;2610707
2610905;2610806
2611002;2610905
2611101;2611002
2611200;2611101
2611309;2611200
2611408;2611309
2611507;2611408
2611533;2611507
2611606;2611533
2611705;2611606
2611804;2611705
2611903;2611804
2612000;2611903
2612109;2612000
2612208;2612109
2612307;2612208
2612406;2612307
2612455;2612406
2612471;2612455
2612505;2612471
2612554;2612505
2612604;2612554
2612703;2612604
2612802;2612703
2612901;2612802
2613008;2612901
2613107;2613008
2613206;2613107
2613305;2613206
2613404;2613305
2613503;2613404
2613602;2613503
2613701;2613602
2613800;2613701
2613909;2613800
2614006;2613909
2614105;2614006
2614204;2614105
2614303;2614204
2614402;2614303
2614501;2614402
2614600;2614501
2614709;2614600
2614808;2614709
2614857;2614808
2615003;2614857
2615102;2615003
2615201;2615102
2615300;2615201
2615409;2615300
2615508;2615409
2615607;2615508
2615706;2615607
2615805;2615706
2615904;2615805
2616001;2615904
2616100;2616001
2616183;2616100
2616209;2616183
2616308;2616209
2616407;2616308
2616506;2616407
2700102;2616506
2700201;2700102
2700300;2700201
2700409;2700300
2700508;2700409
2700607;2700508
2700706;2700607
2700805;2700706
2700904;2700805
2701001;2700904
2701100;2701001
2701209;2701100
2701308;2701209
2701357;2701308
2701407;2701357
2701506;2701407
2701605;2701506
2701704;2701605
2701803;2701704
2701902;2701803
2702009;2701902
2702108;2702009
2702207;2702108
2702306;2702207
2702355;2702306
2702405;2702355
2702504;2702405
2702553;2702504
2702603;2702553
2702702;2702603
2702801;2702702
2702900;2702801
2703007;2702900
2703106;2703007
2703205;2703106
2703304;2703205
2703403;2703304
2703502;2703403
2703601;2703502
2703700;2703601
2703759;2703700
2703809;2703759
2703908;2703809
2704005;2703908
2704104;2704005
2704203;2704104
2704302;2704203
2704401;2704302
2704500;2704401
2704609;2704500
2704708;2704609
2704807;2704708
2704906;2704807
2705002;2704906
2705101;2705002
2705200;2705101
2705309;2705200
2705408;2705309
2705507;2705408
2705606;2705507
2705705;2705606
2705804;2705705
2705903;2705804
2706000;2705903
2706109;2706000
2706208;2706109
2706307;2706208
2706406;2706307
2706422;2706406
2706448;2706422
2706505;2706448
2706604;2706505
2706703;2706604
2706802;2706703
2706901;2706802
2707008;2706901
2707107;2707008
2707206;2707107
2707305;2707206
2707404;2707305
2707503;2707404
2707602;2707503
2707701;2707602
2707800;2707701
2707909;2707800
2708006;2707909
2708105;2708006
2708204;2708105
2708303;2708204
2708402;2708303
2708501;2708402
2708600;2708501
2708709;2708600
2708808;2708709
2708907;2708808
2708956;2708907
2709004;2708956
2709103;2709004
2709152;2709103
2709202;2709152
2709301;2709202
2709400;2709301
2800100;2709400
2800209;2800100
2800308;2800209
2800407;2800308
2800506;2800407
2800605;2800506
2800670;2800605
2800704;2800670
2801009;2800704
2801108;2801009
2801207;2801108
2801306;2801207
2801405;2801306
2801504;2801405
2801603;2801504
2801702;2801603
2801900;2801702
2802007;2801900
2802106;2802007
2802205;2802106
2802304;2802205
2802403;2802304
2802502;2802403
2802601;2802502
2802700;2802601
2802809;2802700
2802908;2802809
2803005;2802908
2803104;2803005
2803203;2803104
2803302;2803203
2803401;2803302
2803500;2803401
2803609;2803500
2803708;2803609
2803807;2803708
2803906;2803807
2804003;2803906
2804102;2804003
2804201;2804102
2804300;2804201
2804409;2804300
2804458;2804409
2804508;2804458
2804607;2804508
2804706;2804607
2804805;2804706
2804904;2804805
2805000;2804904
2805109;2805000
2805208;2805109
2805307;2805208
2805406;2805307
2805505;2805406
2805604;2805505
2805703;2805604
2805802;2805703
2805901;2805802
2806008;2805901
2806107;2806008
2806206;2806107
2806305;2806206
2806404;2806305
2806503;2806404
2806602;2806503
2806701;2806602
2806800;2806701
2806909;2806800
2807006;2806909
2807105;2807006
2807204;2807105
2807303;2807204
2807402;2807303
2807501;2807402
2807600;2807501
2900108;2807600
2900207;2900108
2900306;2900207
2900355;2900306
2900405;2900355
2900504;2900405
2900603;2900504
2900702;2900603
2900801;2900702
2900900;2900801
2901007;2900900
2901106;2901007
2901155;2901106
2901205;2901155
2901304;2901205
2901353;2901304
2901403;2901353
2901502;2901403
2901601;2901502
2901700;2901601
2901809;2901700
2901908;2901809
2901957;2901908
2902005;2901957
2902054;2902005
2902104;2902054
2902203;2902104
2902252;2902203
2902302;2902252
2902401;2902302
2902500;2902401
2902609;2902500
2902658;2902609
2902708;2902658
2902807;2902708
2902906;2902807
2903003;2902906
2903102;2903003
2903201;2903102
2903235;2903201
2903276;2903235
2903300;2903276
2903409;2903300
2903508;2903409
2903607;2903508
2903706;2903607
2903805;2903706
2903904;2903805
2903953;2903904
2904001;2903953
2904050;2904001
2904100;2904050
2904209;2904100
2904308;2904209
2904407;2904308
2904506;2904407
2904605;2904506
2904704;2904605
2904753;2904704
2904803;2904753
2904852;2904803
2904902;2904852
2905008;2904902
2905107;2905008
2905156;2905107
2905206;2905156
2905305;2905206
2905404;2905305
2905503;2905404
2905602;2905503
2905701;2905602
2905800;2905701
2905909;2905800
2906006;2905909
2906105;2906006
2906204;2906105
2906303;2906204
2906402;2906303
2906501;2906402
2906600;2906501
2906709;2906600
2906808;2906709
2906824;2906808
2906857;2906824
2906873;2906857
2906899;2906873
2906907;2906899
2907004;2906907
2907103;2907004
2907202;2907103
2907301;2907202
2907400;2907301
2907509;2907400
2907558;2907509
2907608;2907558
2907707;2907608
2907806;2907707
2907905;2907806
2908002;2907905
2908101;2908002
2908200;2908101
2908309;2908200
2908408;2908309
2908507;2908408
2908606;2908507
2908705;2908606
2908804;2908705
2908903;2908804
2909000;2908903
2909109;2909000
2909208;2909109
2909307;2909208
2909406;2909307
2909505;2909406
2909604;2909505
2909703;2909604
2909802;2909703
2909901;2909802
2910008;2909901
2910057;2910008
2910107;2910057
2910206;2910107
2910305;2910206
2910404;2910305
2910503;2910404
2910602;2910503
2910701;2910602
2910727;2910701
2910750;2910727
2910776;2910750
2910800;2910776
2910859;2910800
2910909;2910859
2911006;2910909
2911105;2911006
2911204;2911105
2911253;2911204
2911303;2911253
2911402;2911303
2911501;2911402
2911600;2911501
2911659;2911600
2911709;2911659
2911808;2911709
2911857;2911808
2911907;2911857
2912004;2911907
2912103;2912004
2912202;2912103
2912301;2912202
2912400;2912301
2912509;2912400
2912608;2912509
2912707;2912608
2912806;2912707
2912905;2912806
2913002;2912905
2913101;2913002
2913200;2913101
2913309;2913200
2913408;2913309
2913457;2913408
2913507;2913457
2913606;2913507
2913705;2913606
2913804;2913705
2913903;2913804
2914000;2913903
2914109;2914000
2914208;2914109
2914307;2914208
2914406;2914307
2914505;2914406
2914604;2914505
2914653;2914604
2914703;2914653
2914802;2914703
2914901;2914802
2915007;2914901
2915106;2915007
2915205;2915106
2915304;2915205
2915353;2915304
2915403;2915353
2915502;2915403
2915601;2915502
2915700;2915601
2915809;2915700
2915908;2915809
2916005;2915908
2916104;2916005
2916203;2916104
2916302;2916203
2916401;2916302
2916500;2916401
2916609;2916500
2916708;2916609
2916807;2916708
2916856;2916807
2916906;2916856
2917003;2916906
2917102;2917003
2917201;2917102
2917300;2917201
2917334;2917300
2917359;2917334
2917409;2917359
2917508;2917409
2917607;2917508
2917706;2917607
2917805;2917706
2917904;2917805
2918001;2917904
2918100;2918001
2918209;2918100
2918308;2918209
2918357;2918308
2918407;2918357
2918456;2918407
2918506;2918456
2918555;2918506
2918605;2918555
2918704;2918605
2918753;2918704
2918803;2918753
2918902;2918803
2919009;2918902
2919058;2919009
2919108;2919058
2919157;2919108
2919207;2919157
2919306;2919207
2919405;2919306
2919504;2919405
2919553;2919504
2919603;2919553
2919702;2919603
2919801;2919702
2919900;2919801
2919926;2919900
2919959;2919926
2920007;2919959
2920106;2920007
2920205;2920106
2920304;2920205
2920403;2920304
2920452;2920403
2920502;2920452
2920601;2920502
2920700;2920601
2920809;2920700
2920908;2920809
2921005;2920908
2921054;2921005
2921104;2921054
2921203;2921104
2921302;2921203
2921401;2921302
2921450;2921401
2921500;2921450
2921609;2921500
2921708;2921609
2921807;2921708
2921906;2921807
2922003;2921906
2922052;2922003
2922102;2922052
2922201;2922102
2922250;2922201
2922300;2922250
2922409;2922300
2922508;2922409
2922607;2922508
2922656;2922607
2922706;2922656
2922730;2922706
2922755;2922730
2922805;2922755
2922854;2922805
2922904;2922854
2923001;2922904
2923035;2923001
2923050;2923035
2923100;2923050
2923209;2923100
2923308;2923209
2923357;2923308
2923407;2923357
2923506;2923407
2923605;2923506
2923704;2923605
2923803;2923704
2923902;2923803
2924009;2923902
2924058;2924009
2924108;2924058
2924207;2924108
2924306;2924207
2924405;2924306
2924504;2924405
2924603;2924504
2924652;2924603
2924678;2924652
2924702;2924678
2924801;2924702
2924900;2924801
2925006;2924900
2925105;2925006
2925204;2925105
2925253;2925204
2925303;2925253
2925402;2925303
2925501;2925402
2925600;2925501
2925709;2925600
2925758;2925709
2925808;2925758
2925907;2925808
2925931;2925907
2925956;2925931
2926004;2925956
2926103;2926004
2926202;2926103
2926301;2926202
2926400;2926301
2926509;2926400
2926608;2926509
2926657;2926608
2926707;2926657
2926806;2926707
2926905;2926806
2927002;2926905
2927101;2927002
2927200;2927101
2927309;2927200
2927408;2927309
2927507;2927408
2927606;2927507
2927705;2927606
2927804;2927705
2927903;2927804
2928000;2927903
2928059;2928000
2928109;2928059
2928208;2928109
2928307;2928208
2928406;2928307
2928505;2928406
2928604;2928505
2928703;2928604
2928802;2928703
2928901;2928802
2928950;2928901
2929008;2928950
2929057;2929008
2929107;2929057
2929206;2929107
2929255;2929206
2929305;2929255
2929354;2929305
2929370;2929354
2929404;2929370
2929503;2929404
2929602;2929503
2929701;2929602
2929750;2929701
2929800;2929750
2929909;2929800
2930006;2929909
2930105;2930006
2930154;2930105
2930204;2930154
2930303;2930204
2930402;2930303
2930501;2930402
2930600;2930501
2930709;2930600
2930758;2930709
2930766;2930758
2930774;2930766
2930808;2930774
2930907;2930808
2931004;2930907
2931053;2931004
2931103;2931053
2931202;2931103
2931301;2931202
2931350;2931301
2931400;2931350
2931509;2931400
2931608;2931509
2931707;2931608
2931806;2931707
2931905;2931806
2932002;2931905
2932101;2932002
2932200;2932101
2932309;2932200
2932408;2932309
2932457;2932408
2932507;2932457
2932606;2932507
2932705;2932606
2932804;2932705
2932903;2932804
2933000;2932903
2933059;2933000
2933109;2933059
2933158;2933109
2933174;2933158
2933208;2933174
2933257;2933208
2933307;2933257
2933406;2933307
2933455;2933406
2933505;2933455
2933604;2933505
3100104;2933604
3100203;3100104
3100302;3100203
3100401;3100302
3100500;3100401
3100609;3100500
3100708;3100609
3100807;3100708
3100906;3100807
3101003;3100906
3101102;3101003
3101201;3101102
3101300;3101201
3101409;3101300
3101508;3101409
3101607;3101508
3101631;3101607
3101706;3101631
3101805;3101706
3101904;3101805
3102001;3101904
3102050;3102001
3102100;3102050
3102209;3102100
3102308;3102209
3102407;3102308
3102506;3102407
3102605;3102506
3102704;3102605
3102803;3102704
3102852;3102803
3102902;3102852
3103009;3102902
3103108;3103009
3103207;3103108
3103306;3103207
3103405;3103306
3103504;3103405
3103603;3103504
3103702;3103603
3103751;3103702
3103801;3103751
3103900;3103801
3104007;3103900
3104106;3104007
3104205;3104106
3104304;3104205
3104403;3104304
3104452;3104403
3104502;3104452
3104601;3104502
3104700;3104601
3104809;3104700
3104908;3104809
3105004;3104908
3105103;3105004
3105202;3105103
3105301;3105202
3105400;3105301
3105509;3105400
3105608;3105509
3105707;3105608
3105905;3105707
3106002;3105905
3106101;3106002
3106200;3106101
3106309;3106200
3106408;3106309
3106507;3106408
3106606;3106507
3106655;3106606
3106705;3106655
3106804;3106705
3106903;3106804
3107000;3106903
3107109;3107000
3107208;3107109
3107307;3107208
3107406;3107307
3107505;3107406
3107604;3107505
3107703;3107604
3107802;3107703
3107901;3107802
3108008;3107901
3108107;3108008
3108206;3108107
3108255;3108206
3108305;3108255
3108404;3108305
3108503;3108404
3108552;3108503
3108602;3108552
3108701;3108602
3108800;3108701
3108909;3108800
3109006;3108909
3109105;3109006
3109204;3109105
3109253;3109204
3109303;3109253
3109402;3109303
3109451;3109402
3109501;3109451
3109600;3109501
3109709;3109600
3109808;3109709
3109907;3109808
3110004;3109907
3110103;3110004
3110202;3110103
3110301;3110202
3110400;3110301
3110509;3110400
3110608;3110509
3110707;3110608
3110806;3110707
3110905;3110806
3111002;3110905
3111101;3111002
3111150;3111101
3111200;3111150
3111309;3111200
3111408;3111309
3111507;3111408
3111606;3111507
3111705;3111606
3111804;3111705
3111903;3111804
3112000;3111903
3112059;3112000
3112109;3112059
3112208;3112109
3112307;3112208
3112406;3112307
3112505;3112406
3112604;3112505
3112653;3112604
3112703;3112653
3112802;3112703
3112901;3112802
3113008;3112901
3113107;3113008
3113206;3113107
3113305;3113206
3113404;3113305
3113503;3113404
3113602;3113503
3113701;3113602
3113800;3113701
3113909;3113800
3114006;3113909
3114105;3114006
3114204;3114105
3114303;3114204
3114402;3114303
3114501;3114402
3114550;3114501
3114600;3114550
3114709;3114600
3114808;3114709
3114907;3114808
3115003;3114907
3115102;3115003
3115201;3115102
3115300;3115201
3115359;3115300
3115409;3115359
3115458;3115409
3115474;3115458
3115508;3115474
3115607;3115508
3115706;3115607
3115805;3115706
3115904;3115805
3116001;3115904
3116100;3116001
3116159;3116100
3116209;3116159
3116308;3116209
3116407;3116308
3116506;3116407
3116605;3116506
3116704;3116605
3116803;3116704
3116902;3116803
3117009;3116902
3117108;3117009
3117207;3117108
3117306;3117207
3117405;3117306
3117504;3117405
3117603;3117504
3117702;3117603
3117801;3117702
3117836;3117801
3117876;3117836
3117900;3117876
3118007;3117900
3118106;3118007
3118205;3118106
3118304;3118205
3118403;3118304
3118502;3118403
3118601;3118502
3118700;3118601
3118809;3118700
3118908;3118809
3119005;3118908
3119104;3119005
3119203;3119104
3119302;3119203
3119401;3119302
3119500;3119401
3119609;3119500
3119708;3119609
3119807;3119708
3119906;3119807
3119955;3119906
3120003;3119955
3120102;3120003
3120151;3120102
3120201;3120151
3120300;3120201
3120409;3120300
3120508;3120409
3120607;3120508
3120706;3120607
3120805;3120706
3120839;3120805
3120870;3120839
3120904;3120870
3121001;3120904
3121100;3121001
3121209;3121100
3121258;3121209
3121308;3121258
3121407;3121308
3121506;3121407
3121605;3121506
3121704;3121605
3121803;3121704
3121902;3121803
3122009;3121902
3122108;3122009
3122207;3122108
3122306;3122207
3122355;3122306
3122405;3122355
3122454;3122405
3122470;3122454
3122504;3122470
3122603;3122504
3122702;3122603
3122801;3122702
3122900;3122801
3123007;3122900
3123106;3123007
3123205;3123106
3123304;3123205
3123403;3123304
3123502;3123403
3123528;3123502
3123601;3123528
3123700;3123601
3123809;3123700
3123858;3123809
3123908;3123858
3124005;3123908
3124104;3124005
3124203;3124104
3124302;3124203
3124401;3124302
3124500;3124401
3124609;3124500
3124708;3124609
3124807;3124708
3124906;3124807
3125002;3124906
3125101;3125002
3125200;3125101
3125309;3125200
3125408;3125309
3125507;3125408
3125606;3125507
3125705;3125606
3125804;3125705
3125903;3125804
3125952;3125903
3126000;3125952
3126109;3126000
3126208;3126109
3126307;3126208
3126406;3126307
3126505;3126406
3126604;3126505
3126703;3126604
3126752;3126703
3126802;3126752
3126901;3126802
3126950;3126901
3127008;3126950
3127057;3127008
3127073;3127057
3127107;3127073
3127206;3127107
3127305;3127206
3127339;3127305
3127354;3127339
3127370;3127354
3127388;3127370
3127404;3127388
3127503;3127404
3127602;3127503
3127701;3127602
3127800;3127701
3127909;3127800
3128006;3127909
3128105;3128006
3128204;3128105
3128253;3128204
3128303;3128253
3128402;3128303
3128501;3128402
3128600;3128501
3128709;3128600
3128808;3128709
3128907;3128808
3129004;3128907
3129103;3129004
3129202;3129103
3129301;3129202
3129400;3129301
3129509;3129400
3129608;3129509
3129657;3129608
3129707;3129657
3129806;3129707
3129905;3129806
3130002;3129905
3130051;3130002
3130101;3130051
3130200;3130101
3130309;3130200
3130408;3130309
3130507;3130408
3130556;3130507
3130606;3130556
3130655;3130606
3130705;3130655
3130804;3130705
3130903;3130804
3131000;3130903
3131109;3131000
3131158;3131109
3131208;3131158
3131307;3131208
3131406;3131307
3131505;3131406
3131604;3131505
3131703;3131604
3131802;3131703
3131901;3131802
3132008;3131901
3132107;3132008
3132206;3132107
3132305;3132206
3132404;3132305
3132503;3132404
3132602;3132503
3132701;3132602
3132800;3132701
3132909;3132800
3133006;3132909
3133105;3133006
3133204;3133105
3133303;3133204
3133402;3133303
3133501;3133402
3133600;3133501
3133709;3133600
3133758;3133709
3133808;3133758
3133907;3133808
3134004;3133907
3134103;3134004
3134202;3134103
3134301;3134202
3134400;3134301
3134509;3134400
3134608;3134509
3134707;3134608
3134806;3134707
3134905;3134806
3135001;3134905
3135050;3135001
3135076;3135050
3135100;3135076
3135209;3135100
3135308;3135209
3135357;3135308
3135407;3135357
3135456;3135407
3135506;3135456
3135605;3135506
3135704;3135605
3135803;3135704
3135902;3135803
3136009;3135902
3136108;3136009
3136207;3136108
3136306;3136207
3136405;3136306
3136504;3136405
3136520;3136504
3136553;3136520
3136579;3136553
3136603;3136579
3136652;3136603
3136702;3136652
3136801;3136702
3136900;3136801
3136959;3136900
3137007;3136959
3137106;3137007
3137205;3137106
3137304;3137205
3137403;3137304
3137502;3137403
3137536;3137502
3137601;3137536
3137700;3137601
3137809;3137700
3137908;3137809
3138005;3137908
3138104;3138005
3138203;3138104
3138302;3138203
3138351;3138302
3138401;3138351
3138500;3138401
3138609;3138500
3138625;3138609
3138658;3138625
3138674;3138658
3138682;3138674
3138708;3138682
3138807;3138708
3138906;3138807
3139003;3138906
3139102;3139003
3139201;3139102
3139250;3139201
3139300;3139250
3139409;3139300
3139508;3139409
3139607;3139508
3139706;3139607
3139805;3139706
3139904;3139805
3140001;3139904
3140100;3140001
3140159;3140100
3140209;3140159
3140308;3140209
3140407;3140308
3140506;3140407
3140530;3140506
3140555;3140530
3140605;3140555
3140704;3140605
3140803;3140704
3140852;3140803
3140902;3140852
3141009;3140902
3141108;3141009
3141207;3141108
3141306;3141207
3141405;3141306
3141504;3141405
3141603;3141504
3141702;3141603
3141801;3141702
3141900;3141801
3142007;3141900
3142106;3142007
3142205;3142106
3142254;3142205
3142304;3142254
3142403;3142304
3142502;3142403
3142601;3142502
3142700;3142601
3142809;3142700
3142908;3142809
3143005;3142908
3143104;3143005
3143153;3143104
3143203;3143153
3143302;3143203
3143401;3143302
3143450;3143401
3143500;3143450
3143609;3143500
3143708;3143609
3143807;3143708
3143906;3143807
3144003;3143906
3144102;3144003
3144201;3144102
3144300;3144201
3144359;3144300
3144375;3144359
3144409;3144375
3144508;3144409
3144607;3144508
3144656;3144607
3144672;3144656
3144706;3144672
3144805;3144706
3144904;3144805
3145000;3144904
3145059;3145000
3145109;3145059
3145208;3145109
3145307;3145208
3145356;3145307
3145372;3145356
3145406;3145372
3145455;3145406
3145505;3145455
3145604;3145505
3145703;3145604
3145802;3145703
3145851;3145802
3145877;3145851
3145901;3145877
3146008;3145901
3146107;3146008
3146206;3146107
3146255;3146206
3146305;3146255
3146404;3146305
3146503;3146404
3146552;3146503
3146602;3146552
3146701;3146602
3146750;3146701
3146909;3146750
3147006;3146909
3147105;3147006
3147204;3147105
3147303;3147204
3147402;3147303
3147501;3147402
3147600;3147501
3147709;3147600
3147808;3147709
3147907;3147808
3147956;3147907
3148004;3147956
3148103;3148004
3148202;3148103
3148301;3148202
3148400;3148301
3148509;3148400
3148608;3148509
3148707;3148608
3148756;3148707
3148806;3148756
3148905;3148806
3149002;3148905
3149101;3149002
3149150;3149101
3149200;3149150
3149309;3149200
3149408;3149309
3149507;3149408
3149606;3149507
3149705;3149606
3149804;3149705
3149903;3149804
3149952;3149903
3150000;3149952
3150109;3150000
3150158;3150109
3150208;3150158
3150307;3150208
3150406;3150307
3150505;3150406
3150539;3150505
3150570;3150539
3150604;3150570
3150703;3150604
3150802;3150703
3150901;3150802
3151008;3150901
3151107;3151008
3151206;3151107
3151305;3151206
3151404;3151305
3151503;3151404
3151602;3151503
3151701;3151602
3151800;3151701
3151909;3151800
3152006;3151909
3152105;3152006
3152131;3152105
3152170;3152131
3152204;3152170
3152303;3152204
3152402;3152303
3152501;3152402
3152600;3152501
3152709;3152600
3152808;3152709
3152907;3152808
3153004;3152907
3153103;3153004
3153202;3153103
3153301;3153202
3153400;3153301
3153509;3153400
3153608;3153509
3153707;3153608
3153806;3153707
3153905;3153806
3154002;3153905
3154101;3154002
3154150;3154101
3154200;3154150
3154309;3154200
3154408;3154309
3154457;3154408
3154507;3154457
3154606;3154507
3154705;3154606
3154804;3154705
3154903;3154804
3155009;3154903
3155108;3155009
3155207;3155108
3155306;3155207
3155405;3155306
3155504;3155405
3155603;3155504
3155702;3155603
3155801;3155702
3155900;3155801
3156007;3155900
3156106;3156007
3156205;3156106
3156304;3156205
3156403;3156304
3156452;3156403
3156502;3156452
3156601;3156502
3156700;3156601
3156809;3156700
3156908;3156809
3157005;3156908
3157104;3157005
3157203;3157104
3157252;3157203
3157278;3157252
3157302;3157278
3157336;3157302
3157377;3157336
3157401;3157377
3157500;3157401
3157609;3157500
3157658;3157609
3157708;3157658
3157807;3157708
3157906;3157807
3158003;3157906
3158102;3158003
3158201;3158102
3158300;3158201
3158409;3158300
3158508;3158409
3158607;3158508
3158706;3158607
3158805;3158706
3158904;3158805
3158953;3158904
3159001;3158953
3159100;3159001
3159209;3159100
3159308;3159209
3159357;3159308
3159407;3159357
3159506;3159407
3159605;3159506
3159704;3159605
3159803;3159704
3159902;3159803
3160009;3159902
3160108;3160009
3160207;3160108
3160306;3160207
3160405;3160306
3160454;3160405
3160504;3160454
3160603;3160504
3160702;3160603
3160801;3160702
3160900;3160801
3160959;3160900
3161007;3160959
3161056;3161007
3161106;3161056
3161205;3161106
3161304;3161205
3161403;3161304
3161502;3161403
3161601;3161502
3161650;3161601
3161700;3161650
3161809;3161700
3161908;3161809
3162005;3161908
3162104;3162005
3162203;3162104
3162252;3162203
3162302;3162252
3162401;3162302
3162450;3162401
3162500;3162450
3162559;3162500
3162575;3162559
3162609;3162575
3162658;3162609
3162708;3162658
3162807;3162708
3162906;3162807
3162922;3162906
3162948;3162922
3162955;3162948
3163003;3162955
3163102;3163003
3163201;3163102
3163300;3163201
3163409;3163300
3163508;3163409
3163607;3163508
3163706;3163607
3163805;3163706
3163904;3163805
3164001;3163904
3164100;3164001
3164209;3164100
3164308;3164209
3164407;3164308
3164431;3164407
3164472;3164431
3164506;3164472
3164605;3164506
3164704;3164605
3164803;3164704
3164902;3164803
3165008;3164902
3165107;3165008
3165206;3165107
3165305;3165206
3165404;3165305
3165503;3165404
3165537;3165503
3165552;3165537
3165560;3165552
3165578;3165560
3165602;3165578
3165701;3165602
3165800;3165701
3165909;3165800
3166006;3165909
3166105;3166006
3166204;3166105
3166303;3166204
3166402;3166303
3166501;3166402
3166600;3166501
3166709;3166600
3166808;3166709
3166907;3166808
3166956;3166907
3167004;3166956
3167103;3167004
3167202;3167103
3167301;3167202
3167400;3167301
3167509;3167400
3167608;3167509
3167707;3167608
3167806;3167707
3167905;3167806
3168002;3167905
3168051;3168002
3168101;3168051
3168200;3168101
3168309;3168200
3168408;3168309
3168507;3168408
3168606;3168507
3168705;3168606
3168804;3168705
3168903;3168804
3169000;3168903
3169059;3169000
3169109;3169059
3169208;3169109
3169307;3169208
3169356;3169307
3169406;3169356
3169505;3169406
3169604;3169505
3169703;3169604
3169802;3169703
3169901;3169802
3170008;3169901
3170057;3170008
3170107;3170057
3170206;3170107
3170305;3170206
3170404;3170305
3170438;3170404
3170479;3170438
3170503;3170479
3170529;3170503
3170578;3170529
3170602;3170578
3170651;3170602
3170701;3170651
3170750;3170701
3170800;3170750
3170909;3170800
3171006;3170909
3171030;3171006
3171071;3171030
3171105;3171071
3171154;3171105
3171204;3171154
3171303;3171204
3171402;3171303
3171501;3171402
3171600;3171501
3171709;3171600
3171808;3171709
3171907;3171808
3172004;3171907
3172103;3172004
3172202;3172103
3200102;3172202
3200136;3200102
3200169;3200136
3200201;3200169
3200300;3200201
3200359;3200300
3200409;3200359
3200508;3200409
3200607;3200508
3200706;3200607
3200805;3200706
3200904;3200805
3201001;3200904
3201100;3201001
3201159;3201100
3201209;3201159
3201308;3201209
3201407;3201308
3201506;3201407
3201605;3201506
3201704;3201605
3201803;3201704
3201902;3201803
3202009;3201902
3202108;3202009
3202207;3202108
3202256;3202207
3202306;3202256
3202405;3202306
3202454;3202405
3202504;3202454
3202553;3202504
3202603;3202553
3202652;3202603
3202702;3202652
3202801;3202702
3202900;3202801
3203007;3202900
3203056;3203007
3203106;3203056
3203130;3203106
3203163;3203130
3203205;3203163
3203304;3203205
3203320;3203304
3203346;3203320
3203353;3203346
3203403;3203353
3203502;3203403
3203601;3203502
3203700;3203601
3203809;3203700
3203908;3203809
3204005;3203908
3204054;3204005
3204104;3204054
3204203;3204104
3204252;3204203
3204302;3204252
3204351;3204302
3204401;3204351
3204500;3204401
3204559;3204500
3204609;3204559
3204658;3204609
3204708;3204658
3204807;3204708
3204906;3204807
3204955;3204906
3205002;3204955
3205010;3205002
3205036;3205010
3205069;3205036
3205101;3205069
3205150;3205101
3205176;3205150
3205200;3205176
3205309;3205200
3300100;3205309
3300159;3300100
3300209;3300159
3300225;3300209
3300233;3300225
3300258;3300233
3300308;3300258
3300407;3300308
3300456;3300407
3300506;3300456
3300605;3300506
3300704;3300605
3300803;3300704
3300902;3300803
3300936;3300902
3300951;3300936
3301009;3300951
3301108;3301009
3301157;3301108
3301207;3301157
3301306;3301207
3301405;3301306
3301504;3301405
3301603;3301504
3301702;3301603
3301801;3301702
3301850;3301801
3301876;3301850
3301900;3301876
3302007;3301900
3302056;3302007
3302106;3302056
3302205;3302106
3302254;3302205
3302270;3302254
3302304;3302270
3302403;3302304
3302452;3302403
3302502;3302452
3302601;3302502
3302700;3302601
3302809;3302700
3302858;3302809
3302908;3302858
3303005;3302908
3303104;3303005
3303203;3303104
3303302;3303203
3303401;3303302
3303500;3303401
3303609;3303500
3303708;3303609
3303807;3303708
3303856;3303807
3303906;3303856
3303955;3303906
3304003;3303955
3304102;3304003
3304110;3304102
3304128;3304110
3304144;3304128
3304151;3304144
3304201;3304151
3304300;3304201
3304409;3304300
3304508;3304409
3304524;3304508
3304557;3304524
3304607;3304557
3304706;3304607
3304755;3304706
3304805;3304755
3304904;3304805
3305000;3304904
3305109;3305000
3305133;3305109
3305158;3305133
3305208;3305158
3305307;3305208
3305406;3305307
3305505;3305406
3305554;3305505
3305604;3305554
3305703;3305604
3305752;3305703
3305802;3305752
3305901;3305802
3306008;3305901
3306107;3306008
3306156;3306107
3306206;3306156
3306305;3306206
3500105;3306305
3500204;3500105
3500303;3500204
3500402;3500303
3500501;3500402
3500550;3500501
3500600;3500550
3500709;3500600
3500758;3500709
3500808;3500758
3500907;3500808
3501004;3500907
3501103;3501004
3501152;3501103
3501202;3501152
3501301;3501202
3501400;3501301
3501509;3501400
3501608;3501509
3501707;3501608
3501806;3501707
3501905;3501806
3502002;3501905
3502101;3502002
3502200;3502101
3502309;3502200
3502408;3502309
3502507;3502408
3502606;3502507
3502705;3502606
3502754;3502705
3502804;3502754
3502903;3502804
3503000;3502903
3503109;3503000
3503158;3503109
3503208;3503158
3503307;3503208
3503356;3503307
3503406;3503356
3503505;3503406
3503604;3503505
3503703;3503604
3503802;3503703
3503901;3503802
3503950;3503901
3504008;3503950
3504107;3504008
3504206;3504107
3504305;3504206
3504404;3504305
3504503;3504404
3504602;3504503
3504701;3504602
3504800;3504701
3504909;3504800
3505005;3504909
3505104;3505005
3505203;3505104
3505302;3505203
3505351;3505302
3505401;3505351
3505500;3505401
3505609;3505500
3505708;3505609
3505807;3505708
3505906;3505807
3506003;3505906
3506102;3506003
3506201;3506102
3506300;3506201
3506359;3506300
3506409;3506359
3506508;3506409
3506607;3506508
3506706;3506607
3506805;3506706
3506904;3506805
3507001;3506904
3507100;3507001
3507159;3507100
3507209;3507159
3507308;3507209
3507407;3507308
3507456;3507407
3507506;3507456
3507605;3507506
3507704;3507605
3507753;3507704
3507803;3507753
3507902;3507803
3508009;3507902
3508108;3508009
3508207;3508108
3508306;3508207
3508405;3508306
3508504;3508405
3508603;3508504
3508702;3508603
3508801;3508702
3508900;3508801
3509007;3508900
3509106;3509007
3509205;3509106
3509254;3509205
3509304;3509254
3509403;3509304
3509452;3509403
3509502;3509452
3509601;3509502
3509700;3509601
3509809;3509700
3509908;3509809
3509957;3509908
3510005;3509957
3510104;3510005
3510153;3510104
3510203;3510153
3510302;3510203
3510401;3510302
3510500;3510401
3510609;3510500
3510708;3510609
3510807;3510708
3510906;3510807
3511003;3510906
3511102;3511003
3511201;3511102
3511300;3511201
3511409;3511300
3511508;3511409
3511607;3511508
3511706;3511607
3511904;3511706
3512001;3511904
3512100;3512001
3512209;3512100
3512308;3512209
3512407;3512308
3512506;3512407
3512605;3512506
3512704;3512605
3512803;3512704
3512902;3512803
3513009;3512902
3513108;3513009
3513207;3513108
3513306;3513207
3513405;3513306
3513504;3513405
3513603;3513504
3513702;3513603
3513801;3513702
3513850;3513801
3513900;3513850
3514007;3513900
3514106;3514007
3514205;3514106
3514304;3514205
3514403;3514304
3514502;3514403
3514601;3514502
3514700;3514601
3514809;3514700
3514908;3514809
3514924;3514908
3514957;3514924
3515004;3514957
3515103;3515004
3515129;3515103
3515152;3515129
3515186;3515152
3515194;3515186
3515202;3515194
3515301;3515202
3515350;3515301
3515400;3515350
3515509;3515400
3515608;3515509
3515657;3515608
3515707;3515657
3515806;3515707
3515905;3515806
3516002;3515905
3516101;3516002
3516200;3516101
3516309;3516200
3516408;3516309
3516507;3516408
3516606;3516507
3516705;3516606
3516804;3516705
3516853;3516804
3516903;3516853
3517000;3516903
3517109;3517000
3517208;3517109
3517307;3517208
3517406;3517307
3517505;3517406
3517604;3517505
3517703;3517604
3517802;3517703
3517901;3517802
3518008;3517901
3518107;3518008
3518206;3518107
3518305;3518206
3518404;3518305
3518503;3518404
3518602;3518503
3518701;3518602
3518800;3518701
3518859;3518800
3518909;3518859
3519006;3518909
3519055;3519006
3519071;3519055
3519105;3519071
3519204;3519105
3519253;3519204
3519303;3519253
3519402;3519303
3519501;3519402
3519600;3519501
3519709;3519600
3519808;3519709
3519907;3519808
3520004;3519907
3520103;3520004
3520202;3520103
3520301;3520202
3520400;3520301
3520426;3520400
3520442;3520426
3520509;3520442
3520608;3520509
3520707;3520608
3520806;3520707
3520905;3520806
3521002;3520905
3521101;3521002
3521150;3521101
3521200;3521150
3521309;3521200
3521408;3521309
3521507;3521408
3521606;3521507
3521705;3521606
3521804;3521705
3521903;3521804
3522000;3521903
3522109;3522000
3522158;3522109
3522208;3522158
3522307;3522208
3522406;3522307
3522505;3522406
3522604;3522505
3522653;3522604
3522703;3522653
3522802;3522703
3522901;3522802
3523008;3522901
3523107;3523008
3523206;3523107
3523305;3523206
3523404;3523305
3523503;3523404
3523602;3523503
3523701;3523602
3523800;3523701
3523909;3523800
3524006;3523909
3524105;3524006
3524204;3524105
3524303;3524204
3524402;3524303
3524501;3524402
3524600;3524501
3524709;3524600
3524808;3524709
3524907;3524808
3525003;3524907
3525102;3525003
3525201;3525102
3525300;3525201
3525409;3525300
3525508;3525409
3525607;3525508
3525706;3525607
3525805;3525706
3525854;3525805
3525904;3525854
3526001;3525904
3526100;3526001
3526209;3526100
3526308;3526209
3526407;3526308
3526506;3526407
3526605;3526506
3526704;3526605
3526803;3526704
3526902;3526803
3527009;3526902
3527108;3527009
3527207;3527108
3527256;3527207
3527306;3527256
3527405;3527306
3527504;3527405
3527603;3527504
3527702;3527603
3527801;3527702
3527900;3527801
3528007;3527900
3528106;3528007
3528205;3528106
3528304;3528205
3528403;3528304
3528502;3528403
3528601;3528502
3528700;3528601
3528809;3528700
3528858;3528809
3528908;3528858
3529005;3528908
3529104;3529005
3529203;3529104
3529302;3529203
3529401;3529302
3529500;3529401
3529609;3529500
3529658;3529609
3529708;3529658
3529807;3529708
3529906;3529807
3530003;3529906
3530102;3530003
3530201;3530102
3530300;3530201
3530409;3530300
3530508;3530409
3530607;3530508
3530706;3530607
3530805;3530706
3530904;3530805
3531001;3530904
3531100;3531001
3531209;3531100
3531308;3531209
3531407;3531308
3531506;3531407
3531605;3531506
3531704;3531605
3531803;3531704
3531902;3531803
3532009;3531902
3532058;3532009
3532108;3532058
3532157;3532108
3532207;3532157
3532306;3532207
3532405;3532306
3532504;3532405
3532603;3532504
3532702;3532603
3532801;3532702
3532827;3532801
3532843;3532827
3532868;3532843
3532900;3532868
3533007;3532900
3533106;3533007
3533205;3533106
3533254;3533205
3533304;3533254
3533403;3533304
3533502;3533403
3533601;3533502
3533700;3533601
3533809;3533700
3533908;3533809
3534005;3533908
3534104;3534005
3534203;3534104
3534302;3534203
3534401;3534302
3534500;3534401
3534609;3534500
3534708;3534609
3534757;3534708
3534807;3534757
3534906;3534807
3535002;3534906
3535101;3535002
3535200;3535101
3535309;3535200
3535408;3535309
3535507;3535408
3535606;3535507
3535705;3535606
3535804;3535705
3535903;3535804
3536000;3535903
3536109;3536000
3536208;3536109
3536257;3536208
3536307;3536257
3536406;3536307
3536505;3536406
3536570;3536505
3536604;3536570
3536703;3536604
3536802;3536703
3536901;3536802
3537008;3536901
3537107;3537008
3537156;3537107
3537206;3537156
3537305;3537206
3537404;3537305
3537503;3537404
3537602;3537503
3537701;3537602
3537800;3537701
3537909;3537800
3538006;3537909
3538105;3538006
3538204;3538105
3538303;3538204
3538501;3538303
3538600;3538501
3538709;3538600
3538808;3538709
3538907;3538808
3539004;3538907
3539103;3539004
3539202;3539103
3539301;3539202
3539400;3539301
3539509;3539400
3539608;3539509
3539707;3539608
3539806;3539707
3539905;3539806
3540002;3539905
3540101;3540002
3540200;3540101
3540259;3540200
3540309;3540259
3540408;3540309
3540507;3540408
3540606;3540507
3540705;3540606
3540754;3540705
3540804;3540754
3540853;3540804
3540903;3540853
3541000;3540903
3541059;3541000
3541109;3541059
3541208;3541109
3541307;3541208
3541406;3541307
3541505;3541406
3541604;3541505
3541653;3541604
3541703;3541653
3541802;3541703
3541901;3541802
3542008;3541901
3542107;3542008
3542206;3542107
3542305;3542206
3542404;3542305
3542503;3542404
3542602;3542503
3542701;3542602
3542800;3542701
3542909;3542800
3543006;3542909
3543105;3543006
3543204;3543105
3543238;3543204
3543253;3543238
3543303;3543253
3543402;3543303
3543501;3543402
3543600;3543501
3543709;3543600
3543808;3543709
3543907;3543808
3544004;3543907
3544103;3544004
3544202;3544103
3544251;3544202
3544301;3544251
3544400;3544301
3544509;3544400
3544608;3544509
3544707;3544608
3544806;3544707
3544905;3544806
3545001;3544905
3545100;3545001
3545159;3545100
3545209;3545159
3545308;3545209
3545407;3545308
3545506;3545407
3545605;3545506
3545704;3545605
3545803;3545704
3546009;3545803
3546108;3546009
3546207;3546108
3546256;3546207
3546306;3546256
3546405;3546306
3546504;3546405
3546603;3546504
3546702;3546603
3546801;3546702
3546900;3546801
3547007;3546900
3547106;3547007
3547205;3547106
3547304;3547205
3547403;3547304
3547502;3547403
3547601;3547502
3547650;3547601
3547700;3547650
3547809;3547700
3547908;3547809
3548005;3547908
3548054;3548005
3548104;3548054
3548203;3548104
3548302;3548203
3548401;3548302
3548500;3548401
3548609;3548500
3548708;3548609
3548807;3548708
3548906;3548807
3549003;3548906
3549102;3549003
3549201;3549102
3549250;3549201
3549300;3549250
3549409;3549300
3549508;3549409
3549607;3549508
3549706;3549607
3549805;3549706
3549904;3549805
3549953;3549904
3550001;3549953
3550100;3550001
3550209;3550100
3550308;3550209
3550407;3550308
3550506;3550407
3550605;3550506
3550704;3550605
3550803;3550704
3550902;3550803
3551009;3550902
3551108;3551009
3551207;3551108
3551306;3551207
3551405;3551306
3551504;3551405
3551603;3551504
3551702;3551603
3551801;3551702
3551900;3551801
3552007;3551900
3552106;3552007
3552205;3552106
3552304;3552205
3552403;3552304
3552502;3552403
3552551;3552502
3552601;3552551
3552700;3552601
3552809;3552700
3552908;3552809
3553005;3552908
3553104;3553005
3553203;3553104
3553302;3553203
3553401;3553302
3553500;3553401
3553609;3553500
3553658;3553609
3553708;3553658
3553807;3553708
3553856;3553807
3553906;3553856
3553955;3553906
3554003;3553955
3554102;3554003
3554201;3554102
3554300;3554201
3554409;3554300
3554508;3554409
3554607;3554508
3554656;3554607
3554706;3554656
3554755;3554706
3554805;3554755
3554904;3554805
3554953;3554904
3555000;3554953
3555109;3555000
3555208;3555109
3555307;3555208
3555356;3555307
3555406;3555356
3555505;3555406
3555604;3555505
3555703;3555604
3555802;3555703
3555901;3555802
3556008;3555901
3556107;3556008
3556206;3556107
3556305;3556206
3556354;3556305
3556404;3556354
3556453;3556404
3556503;3556453
3556602;3556503
3556701;3556602
3556800;3556701
3556909;3556800
3556958;3556909
3557006;3556958
3557105;3557006
3557154;3557105
3557204;3557154
3557303;3557204
4100103;3557303
4100202;4100103
4100301;4100202
4100400;4100301
4100459;4100400
4100509;4100459
4100608;4100509
4100707;4100608
4100806;4100707
4100905;4100806
4101002;4100905
4101051;4101002
4101101;4101051
4101150;4101101
4101200;4101150
4101309;4101200
4101408;4101309
4101507;4101408
4101606;4101507
4101655;4101606
4101705;4101655
4101804;4101705
4101853;4101804
4101903;4101853
4102000;4101903
4102109;4102000
4102208;4102109
4102307;4102208
4102406;4102307
4102505;4102406
4102604;4102505
4102703;4102604
4102752;4102703
4102802;4102752
4102901;4102802
4103008;4102901
4103024;4103008
4103040;4103024
4103057;4103040
4103107;4103057
4103156;4103107
4103206;4103156
4103222;4103206
4103305;4103222
4103354;4103305
4103370;4103354
4103404;4103370
4103453;4103404
4103479;4103453
4103503;4103479
4103602;4103503
4103701;4103602
4103800;4103701
4103909;4103800
4103958;4103909
4104006;4103958
4104055;4104006
4104105;4104055
4104204;4104105
4104253;4104204
4104303;4104253
4104402;4104303
4104428;4104402
4104451;4104428
4104501;4104451
4104600;4104501
4104659;4104600
4104709;4104659
4104808;4104709
4104907;4104808
4105003;4104907
4105102;4105003
4105201;4105102
4105300;4105201
4105409;4105300
4105508;4105409
4105607;4105508
4105706;4105607
4105805;4105706
4105904;4105805
4106001;4105904
4106100;4106001
4106209;4106100
4106308;4106209
4106407;4106308
4106456;4106407
4106506;4106456
4106555;4106506
4106571;4106555
4106605;4106571
4106704;4106605
4106803;4106704
4106852;4106803
4106902;4106852
4107009;4106902
4107108;4107009
4107124;4107108
4107157;4107124
4107207;4107157
4107256;4107207
4107306;4107256
4107405;4107306
4107504;4107405
4107520;4107504
4107538;4107520
4107546;4107538
4107553;4107546
4107603;4107553
4107652;4107603
4107702;4107652
4107736;4107702
4107751;4107736
4107801;4107751
4107850;4107801
4107900;4107850
4108007;4107900
4108106;4108007
4108205;4108106
4108304;4108205
4108320;4108304
4108403;4108320
4108452;4108403
4108502;4108452
4108551;4108502
4108601;4108551
4108650;4108601
4108700;4108650
4108809;4108700
4108908;4108809
4108957;4108908
4109005;4108957
4109104;4109005
4109203;4109104
4109302;4109203
4109401;4109302
4109500;4109401
4109609;4109500
4109658;4109609
4109708;4109658
4109757;4109708
4109807;4109757
4109906;4109807
4110003;4109906
4110052;4110003
4110078;4110052
4110102;4110078
4110201;4110102
4110300;4110201
4110409;4110300
4110508;4110409
4110607;4110508
4110656;4110607
4110706;4110656
4110805;4110706
4110904;4110805
4110953;4110904
4111001;4110953
4111100;4111001
4111209;4111100
4111258;4111209
4111308;4111258
4111407;4111308
4111506;4111407
4111555;4111506
4111605;4111555
4111704;4111605
4111803;4111704
4111902;4111803
4112009;4111902
4112108;4112009
4112207;4112108
4112306;4112207
4112405;4112306
4112504;4112405
4112603;4112504
4112702;4112603
4112751;4112702
4112801;4112751
4112900;4112801
4112959;4112900
4113007;4112959
4113106;4113007
4113205;4113106
4113254;4113205
4113304;4113254
4113403;4113304
4113429;4113403
4113452;4113429
4113502;4113452
4113601;4113502
4113700;4113601
4113734;4113700
4113759;4113734
4113809;4113759
4113908;4113809
4114005;4113908
4114104;4114005
4114203;4114104
4114302;4114203
4114351;4114302
4114401;4114351
4114500;4114401
4114609;4114500
4114708;4114609
4114807;4114708
4114906;4114807
4115002;4114906
4115101;4115002
4115200;4115101
4115309;4115200
4115358;4115309
4115408;4115358
4115457;4115408
4115507;4115457
4115606;4115507
4115705;4115606
4115739;4115705
4115754;4115739
4115804;4115754
4115853;4115804
4115903;4115853
4116000;4115903
4116059;4116000
4116109;4116059
4116208;4116109
4116307;4116208
4116406;4116307
4116505;4116406
4116604;4116505
4116703;4116604
4116802;4116703
4116901;4116802
4116950;4116901
4117008;4116950
4117057;4117008
4117107;4117057
4117206;4117107
4117214;4117206
4117222;4117214
4117255;4117222
4117271;4117255
4117297;4117271
4117305;4117297
4117404;4117305
4117453;4117404
4117503;4117453
4117602;4117503
4117701;4117602
4117800;4117701
4117909;4117800
4118006;4117909
4118105;4118006
4118204;4118105
4118303;4118204
4118402;4118303
4118451;4118402
4118501;4118451
4118600;4118501
4118709;4118600
4118808;4118709
4118857;4118808
4118907;4118857
4119004;4118907
4119103;4119004
4119152;4119103
4119202;4119152
4119251;4119202
4119301;4119251
4119400;4119301
4119509;4119400
4119608;4119509
4119657;4119608
4119707;4119657
4119806;4119707
4119905;4119806
4119954;4119905
4120002;4119954
4120101;4120002
4120150;4120101
4120200;4120150
4120309;4120200
4120333;4120309
4120358;4120333
4120408;4120358
4120507;4120408
4120606;4120507
4120655;4120606
4120705;4120655
4120804;4120705
4120853;4120804
4120903;4120853
4121000;4120903
4121109;4121000
4121208;4121109
4121257;4121208
4121307;4121257
4121356;4121307
4121406;4121356
4121505;4121406
4121604;4121505
4121703;4121604
4121752;4121703
4121802;4121752
4121901;4121802
4122008;4121901
4122107;4122008
4122156;4122107
4122172;4122156
4122206;4122172
4122305;4122206
4122404;4122305
4122503;4122404
4122602;4122503
4122651;4122602
4122701;4122651
4122800;4122701
4122909;4122800
4123006;4122909
4123105;4123006
4123204;4123105
4123303;4123204
4123402;4123303
4123501;4123402
4123600;4123501
4123709;4123600
4123808;4123709
4123824;4123808
4123857;4123824
4123907;4123857
4123956;4123907
4124004;4123956
4124020;4124004
4124053;4124020
4124103;4124053
4124202;4124103
4124301;4124202
4124400;4124301
4124509;4124400
4124608;4124509
4124707;4124608
4124806;4124707
4124905;4124806
4125001;4124905
4125100;4125001
4125209;4125100
4125308;4125209
4125357;4125308
4125407;4125357
4125456;4125407
4125506;4125456
4125555;4125506
4125605;4125555
4125704;4125605
4125753;4125704
4125803;4125753
4125902;4125803
4126009;4125902
4126108;4126009
4126207;4126108
4126256;4126207
4126272;4126256
4126306;4126272
4126355;4126306
4126405;4126355
4126504;4126405
4126603;4126504
4126652;4126603
4126678;4126652
4126702;4126678
4126801;4126702
4126900;4126801
4127007;4126900
4127106;4127007
4127205;4127106
4127304;4127205
4127403;4127304
4127502;4127403
4127601;4127502
4127700;4127601
4127809;4127700
4127858;4127809
4127882;4127858
4127908;4127882
4127957;4127908
4127965;4127957
4128005;4127965
4128104;4128005
4128203;4128104
4128302;4128203
4128401;4128302
4128500;4128401
4128534;4128500
4128559;4128534
4128609;4128559
4128625;4128609
4128633;4128625
4128658;4128633
4128708;4128658
4128807;4128708
4200051;4128807
4200101;4200051
4200200;4200101
4200309;4200200
4200408;4200309
4200507;4200408
4200556;4200507
4200606;4200556
4200705;4200606
4200754;4200705
4200804;4200754
4200903;4200804
4201000;4200903
4201109;4201000
4201208;4201109
4201257;4201208
4201273;4201257
4201307;4201273
4201406;4201307
4201505;4201406
4201604;4201505
4201653;4201604
4201703;4201653
4201802;4201703
4201901;4201802
4201950;4201901
4202008;4201950
4202057;4202008
4202073;4202057
4202081;4202073
4202099;4202081
4202107;4202099
4202131;4202107
4202156;4202131
4202206;4202156
4202305;4202206
4202404;4202305
4202438;4202404
4202453;4202438
4202503;4202453
4202537;4202503
4202578;4202537
4202602;4202578
4202701;4202602
4202800;4202701
4202859;4202800
4202875;4202859
4202909;4202875
4203006;4202909
4203105;4203006
4203154;4203105
4203204;4203154
4203253;4203204
4203303;4203253
4203402;4203303
4203501;4203402
4203600;4203501
4203709;4203600
4203808;4203709
4203907;4203808
4203956;4203907
4204004;4203956
4204103;4204004
4204152;4204103
4204178;4204152
4204194;4204178
4204202;4204194
4204251;4204202
4204301;4204251
4204350;4204301
4204400;4204350
4204459;4204400
4204509;4204459
4204558;4204509
4204608;4204558
4204707;4204608
4204756;4204707
4204806;4204756
4204905;4204806
4205001;4204905
4205100;4205001
4205159;4205100
4205175;4205159
4205191;4205175
4205209;4205191
4205308;4205209
4205357;4205308
4205407;4205357
4205431;4205407
4205456;4205431
4205506;4205456
4205555;4205506
4205605;4205555
4205704;4205605
4205803;4205704
4205902;4205803
4206009;4205902
4206108;4206009
4206207;4206108
4206306;4206207
4206405;4206306
4206504;4206405
4206603;4206504
4206652;4206603
4206702;4206652
4206751;4206702
4206801;4206751
4206900;4206801
4207007;4206900
4207106;4207007
4207205;4207106
4207304;4207205
4207403;4207304
4207502;4207403
4207577;4207502
4207601;4207577
4207650;4207601
4207684;4207650
4207700;4207684
4207759;4207700
4207809;4207759
4207858;4207809
4207908;4207858
4208005;4207908
4208104;4208005
4208203;4208104
4208302;4208203
4208401;4208302
4208450;4208401
4208500;4208450
4208609;4208500
4208708;4208609
4208807;4208708
4208906;4208807
4208955;4208906
4209003;4208955
4209102;4209003
4209151;4209102
4209177;4209151
4209201;4209177
4209300;4209201
4209409;4209300
4209458;4209409
4209508;4209458
4209607;4209508
4209706;4209607
4209805;4209706
4209854;4209805
4209904;4209854
4210001;4209904
4210035;4210001
4210050;4210035
4210100;4210050
4210209;4210100
4210308;4210209
4210407;4210308
4210506;4210407
4210555;4210506
4210605;4210555
4210704;4210605
4210803;4210704
4210852;4210803
4210902;4210852
4211009;4210902
4211058;4211009
4211108;4211058
4211207;4211108
4211256;4211207
4211306;4211256
4211405;4211306
4211454;4211405
4211504;4211454
4211603;4211504
4211652;4211603
4211702;4211652
4211751;4211702
4211801;4211751
4211850;4211801
4211876;4211850
4211892;4211876
4211900;4211892
4212007;4211900
4212056;4212007
4212106;4212056
4212205;4212106
4212239;4212205
4212254;4212239
4212270;4212254
4212304;4212270
4212403;4212304
4212502;4212403
4212601;4212502
4212700;4212601
4212809;4212700
4212908;4212809
4213005;4212908
4213104;4213005
4213153;4213104
4213203;4213153
4213302;4213203
4213351;4213302
4213401;4213351
4213500;4213401
4213609;4213500
4213708;4213609
4213807;4213708
4213906;4213807
4214003;4213906
4214102;4214003
4214151;4214102
4214201;4214151
4214300;4214201
4214409;4214300
4214508;4214409
4214607;4214508
4214706;4214607
4214805;4214706
4214904;4214805
4215000;4214904
4215059;4215000
4215075;4215059
4215109;4215075
4215208;4215109
4215307;4215208
4215356;4215307
4215406;4215356
4215455;4215406
4215505;4215455
4215554;4215505
4215604;4215554
4215653;4215604
4215679;4215653
4215687;4215679
4215695;4215687
4215703;4215695
4215752;4215703
4215802;4215752
4215901;4215802
4216008;4215901
4216057;4216008
4216107;4216057
4216206;4216107
4216255;4216206
4216305;4216255
4216354;4216305
4216404;4216354
4216503;4216404
4216602;4216503
4216701;4216602
4216800;4216701
4216909;4216800
4217006;4216909
4217105;4217006
4217154;4217105
4217204;4217154
4217253;4217204
4217303;4217253
4217402;4217303
4217501;4217402
4217550;4217501
4217600;4217550
4217709;4217600
4217758;4217709
4217808;4217758
4217907;4217808
4217956;4217907
4218004;4217956
4218103;4218004
4218202;4218103
4218251;4218202
4218301;4218251
4218350;4218301
4218400;4218350
4218509;4218400
4218608;4218509
4218707;4218608
4218756;4218707
4218806;4218756
4218855;4218806
4218905;4218855
4218954;4218905
4219002;4218954
4219101;4219002
4219150;4219101
4219176;4219150
4219200;4219176
4219309;4219200
4219358;4219309
4219408;4219358
4219507;4219408
4219606;4219507
4219705;4219606
4219853;4219705
4300034;4219853
4300059;4300034
4300109;4300059
4300208;4300109
4300307;4300208
4300406;4300307
4300455;4300406
4300471;4300455
4300505;4300471
4300554;4300505
4300570;4300554
4300604;4300570
4300638;4300604
4300646;4300638
4300661;4300646
4300703;4300661
4300802;4300703
4300851;4300802
4300877;4300851
4300901;4300877
4301008;4300901
4301057;4301008
4301073;4301057
4301107;4301073
4301206;4301107
4301305;4301206
4301404;4301305
4301503;4301404
4301552;4301503
4301602;4301552
4301636;4301602
4301651;4301636
4301701;4301651
4301750;4301701
4301800;4301750
4301859;4301800
4301875;4301859
4301909;4301875
4301925;4301909
4301958;4301925
4302006;4301958
4302055;4302006
4302105;4302055
4302154;4302105
4302204;4302154
4302220;4302204
4302238;4302220
4302253;4302238
4302303;4302253
4302352;4302303
4302378;4302352
4302402;4302378
4302451;4302402
4302501;4302451
4302584;4302501
4302600;4302584
4302659;4302600
4302709;4302659
4302808;4302709
4302907;4302808
4303004;4302907
4303103;4303004
4303202;4303103
4303301;4303202
4303400;4303301
4303509;4303400
4303558;4303509
4303608;4303558
4303673;4303608
4303707;4303673
4303806;4303707
4303905;4303806
4304002;4303905
4304101;4304002
4304200;4304101
4304309;4304200
4304358;4304309
4304408;4304358
4304507;4304408
4304606;4304507
4304614;4304606
4304622;4304614
4304630;4304622
4304655;4304630
4304663;4304655
4304671;4304663
4304689;4304671
4304697;4304689
4304705;4304697
4304713;4304705
4304804;4304713
4304853;4304804
4304903;4304853
4304952;4304903
4305009;4304952
4305108;4305009
4305116;4305108
4305124;4305116
4305132;4305124
4305157;4305132
4305173;4305157
4305207;4305173
4305306;4305207
4305355;4305306
4305371;4305355
4305405;4305371
4305439;4305405
4305447;4305439
4305454;4305447
4305504;4305454
4305587;4305504
4305603;4305587
4305702;4305603
4305801;4305702
4305835;4305801
4305850;4305835
4305871;4305850
4305900;4305871
4305934;4305900
4305959;4305934
4305975;4305959
4306007;4305975
4306056;4306007
4306072;4306056
4306106;4306072
4306130;4306106
4306205;4306130
4306304;4306205
4306320;4306304
4306353;4306320
4306379;4306353
4306403;4306379
4306429;4306403
4306452;4306429
4306502;4306452
4306551;4306502
4306601;4306551
4306700;4306601
4306734;4306700
4306759;4306734
4306767;4306759
4306809;4306767
4306908;4306809
4306924;4306908
4306932;4306924
4306957;4306932
4306973;4306957
4307005;4306973
4307054;4307005
4307104;4307054
4307203;4307104
4307302;4307203
4307401;4307302
4307450;4307401
4307500;4307450
4307559;4307500
4307609;4307559
4307708;4307609
4307807;4307708
4307815;4307807
4307831;4307815
4307864;4307831
4307906;4307864
4308003;4307906
4308052;4308003
4308078;4308052
4308102;4308078
4308201;4308102
4308250;4308201
4308300;4308250
4308409;4308300
4308433;4308409
4308458;4308433
4308508;4308458
4308607;4308508
4308656;4308607
4308706;4308656
4308805;4308706
4308854;4308805
4308904;4308854
4309001;4308904
4309050;4309001
4309100;4309050
4309126;4309100
4309159;4309126
4309209;4309159
4309258;4309209
4309308;4309258
4309407;4309308
4309506;4309407
4309555;4309506
4309571;4309555
4309605;4309571
4309654;4309605
4309704;4309654
4309753;4309704
4309803;4309753
4309902;4309803
4309951;4309902
4310009;4309951
4310108;4310009
4310207;4310108
4310306;4310207
4310330;4310306
4310363;4310330
4310405;4310363
4310413;4310405
4310439;4310413
4310462;4310439
4310504;4310462
4310538;4310504
4310553;4310538
4310579;4310553
4310603;4310579
4310652;4310603
4310702;4310652
4310751;4310702
4310801;4310751
4310850;4310801
4310876;4310850
4310900;4310876
4311007;4310900
4311106;4311007
4311122;4311106
4311130;4311122
4311155;4311130
4311205;4311155
4311239;4311205
4311254;4311239
4311270;4311254
4311304;4311270
4311403;4311304
4311429;4311403
4311502;4311429
4311601;4311502
4311627;4311601
4311643;4311627
4311700;4311643
4311718;4311700
4311734;4311718
4311759;4311734
4311775;4311759
4311791;4311775
4311809;4311791
4311908;4311809
4311981;4311908
4312005;4311981
4312054;4312005
4312104;4312054
4312138;4312104
4312153;4312138
4312179;4312153
4312203;4312179
4312252;4312203
4312302;4312252
4312351;4312302
4312377;4312351
4312385;4312377
4312401;4312385
4312427;4312401
4312443;4312427
4312450;4312443
4312476;4312450
4312500;4312476
4312609;4312500
4312617;4312609
4312625;4312617
4312658;4312625
4312674;4312658
4312708;4312674
4312757;4312708
4312807;4312757
4312906;4312807
4312955;4312906
4313003;4312955
4313011;4313003
4313037;4313011
4313060;4313037
4313086;4313060
4313102;4313086
4313201;4313102
4313300;4313201
4313334;4313300
4313359;4313334
4313375;4313359
4313391;4313375
4313409;4313391
4313425;4313409
4313441;4313425
4313466;4313441
4313490;4313466
4313508;4313490
4313607;4313508
4313656;4313607
4313706;4313656
4313805;4313706
4313904;4313805
4313953;4313904
4314001;4313953
4314027;4314001
4314035;4314027
4314050;4314035
4314068;4314050
4314076;4314068
4314100;4314076
4314134;4314100
4314159;4314134
4314175;4314159
4314209;4314175
4314308;4314209
4314407;4314308
4314423;4314407
4314456;4314423
4314464;4314456
4314472;4314464
4314498;4314472
4314506;4314498
4314555;4314506
4314605;4314555
4314704;4314605
4314753;4314704
4314779;4314753
4314787;4314779
4314803;4314787
4314902;4314803
4315008;4314902
4315057;4315008
4315073;4315057
4315107;4315073
4315131;4315107
4315149;4315131
4315156;4315149
4315172;4315156
4315206;4315172
4315305;4315206
4315313;4315305
4315321;4315313
4315354;4315321
4315404;4315354
4315453;4315404
4315503;4315453
4315552;4315503
4315602;4315552
4315701;4315602
4315750;4315701
4315800;4315750
4315909;4315800
4315958;4315909
4316006;4315958
4316105;4316006
4316204;4316105
4316303;4316204
4316402;4316303
4316428;4316402
4316436;4316428
4316451;4316436
4316477;4316451
4316501;4316477
4316600;4316501
4316709;4316600
4316733;4316709
4316758;4316733
4316808;4316758
4316907;4316808
4316956;4316907
4316972;4316956
4317004;4316972
4317103;4317004
4317202;4317103
4317251;4317202
4317301;4317251
4317400;4317301
4317509;4317400
4317558;4317509
4317608;4317558
4317707;4317608
4317756;4317707
4317806;4317756
4317905;4317806
4317954;4317905
4318002;4317954
4318051;4318002
4318101;4318051
4318200;4318101
4318309;4318200
4318408;4318309
4318424;4318408
4318432;4318424
4318440;4318432
4318457;4318440
4318465;4318457
4318481;4318465
4318499;4318481
4318507;4318499
4318606;4318507
4318614;4318606
4318622;4318614
4318705;4318622
4318804;4318705
4318903;4318804
4319000;4318903
4319109;4319000
4319125;4319109
4319158;4319125
4319208;4319158
4319307;4319208
4319356;4319307
4319364;4319356
4319372;4319364
4319406;4319372
4319505;4319406
4319604;4319505
4319703;4319604
4319711;4319703
4319737;4319711
4319752;4319737
4319802;4319752
4319901;4319802
4320008;4319901
4320107;4320008
4320206;4320107
4320230;4320206
4320263;4320230
4320305;4320263
4320321;4320305
4320354;4320321
4320404;4320354
4320453;4320404
4320503;4320453
4320552;4320503
4320578;4320552
4320602;4320578
4320651;4320602
4320677;4320651
4320701;4320677
4320800;4320701
4320859;4320800
4320909;4320859
4321006;4320909
4321105;4321006
4321204;4321105
4321303;4321204
4321329;4321303
4321352;4321329
4321402;4321352
4321436;4321402
4321451;4321436
4321469;4321451
4321477;4321469
4321493;4321477
4321501;4321493
4321600;4321501
4321626;4321600
4321634;4321626
4321667;4321634
4321709;4321667
4321808;4321709
4321832;4321808
4321857;4321832
4321907;4321857
4321956;4321907
4322004;4321956
4322103;4322004
4322152;4322103
4322186;4322152
4322202;4322186
4322251;4322202
4322301;4322251
4322327;4322301
4322343;4322327
4322350;4322343
4322376;4322350
4322400;4322376
4322509;4322400
4322525;4322509
4322533;4322525
4322541;4322533
4322558;4322541
4322608;4322558
4322707;4322608
4322806;4322707
4322855;4322806
4322905;4322855
4323002;4322905
4323101;4323002
4323200;4323101
4323309;4323200
4323358;4323309
4323408;4323358
4323457;4323408
4323507;4323457
4323606;4323507
4323705;4323606
4323754;4323705
4323770;4323754
4323804;4323770
5000203;4323804
5000252;5000203
5000609;5000252
5000708;5000609
5000807;5000708
5000856;5000807
5000906;5000856
5001003;5000906
5001102;5001003
5001243;5001102
5001508;5001243
5001904;5001508
5002001;5001904
5002100;5002001
5002159;5002100
5002209;5002159
5002308;5002209
5002407;5002308
5002605;5002407
5002704;5002605
5002803;5002704
5002902;5002803
5002951;5002902
5003108;5002951
5003157;5003108
5003207;5003157
5003256;5003207
5003306;5003256
5003454;5003306
5003488;5003454
5003504;5003488
5003702;5003504
5003751;5003702
5003801;5003751
5003900;5003801
5004007;5003900
5004106;5004007
5004304;5004106
5004403;5004304
5004502;5004403
5004601;5004502
5004700;5004601
5004809;5004700
5004908;5004809
5005004;5004908
5005103;5005004
5005152;5005103
5005202;5005152
5005251;5005202
5005400;5005251
5005608;5005400
5005681;5005608
5005707;5005681
5005806;5005707
5006002;5005806
5006200;5006002
5006259;5006200
5006309;5006259
5006358;5006309
5006408;5006358
5006606;5006408
5006903;5006606
5007109;5006903
5007208;5007109
5007307;5007208
5007406;5007307
5007505;5007406
5007554;5007505
5007695;5007554
5007703;5007695
5007802;5007703
5007901;5007802
5007935;5007901
5007950;5007935
5007976;5007950
5008008;5007976
5008305;5008008
5008404;5008305
5100102;5008404
5100201;5100102
5100250;5100201
5100300;5100250
5100359;5100300
5100409;5100359
5100508;5100409
5100607;5100508
5100805;5100607
5101001;5100805
5101209;5101001
5101258;5101209
5101308;5101258
5101407;5101308
5101605;5101407
5101704;5101605
5101803;5101704
5101852;5101803
5101902;5101852
5102504;5101902
5102603;5102504
5102637;5102603
5102678;5102637
5102686;5102678
5102694;5102686
5102702;5102694
5102793;5102702
5102850;5102793
5103007;5102850
5103056;5103007
5103106;5103056
5103205;5103106
5103254;5103205
5103304;5103254
5103353;5103304
5103361;5103353
5103379;5103361
5103403;5103379
5103437;5103403
5103452;5103437
5103502;5103452
5103601;5103502
5103700;5103601
5103809;5103700
5103858;5103809
5103908;5103858
5103957;5103908
5104104;5103957
5104203;5104104
5104500;5104203
5104526;5104500
5104542;5104526
5104559;5104542
5104609;5104559
5104807;5104609
5104906;5104807
5105002;5104906
5105101;5105002
5105150;5105101
5105176;5105150
5105200;5105176
5105234;5105200
5105259;5105234
5105309;5105259
5105507;5105309
5105580;5105507
5105606;5105580
5105622;5105606
5105903;5105622
5106000;5105903
5106109;5106000
5106158;5106109
5106174;5106158
5106182;5106174
5106190;5106182
5106208;5106190
5106216;5106208
5106224;5106216
5106232;5106224
5106240;5106232
5106257;5106240
5106265;5106257
5106273;5106265
5106281;5106273
5106299;5106281
5106307;5106299
5106315;5106307
5106372;5106315
5106422;5106372
5106455;5106422
5106505;5106455
5106653;5106505
5106703;5106653
5106752;5106703
5106778;5106752
5106802;5106778
5106828;5106802
5106851;5106828
5107008;5106851
5107040;5107008
5107065;5107040
5107107;5107065
5107156;5107107
5107180;5107156
5107198;5107180
5107206;5107198
5107248;5107206
5107263;5107248
5107297;5107263
5107305;5107297
5107354;5107305
5107404;5107354
5107578;5107404
5107602;5107578
5107701;5107602
5107743;5107701
5107750;5107743
5107768;5107750
5107776;5107768
5107792;5107776
5107800;5107792
5107859;5107800
5107875;5107859
5107883;5107875
5107909;5107883
5107925;5107909
5107941;5107925
5107958;5107941
5108006;5107958
5108055;5108006
5108105;5108055
5108204;5108105
5108303;5108204
5108352;5108303
5108402;5108352
5108501;5108402
5108600;5108501
5108808;5108600
5108857;5108808
5108907;5108857
5108956;5108907
5200050;5108956
5200100;5200050
5200134;5200100
5200159;5200134
5200175;5200159
5200209;5200175
5200258;5200209
5200308;5200258
5200506;5200308
5200555;5200506
5200605;5200555
5200803;5200605
5200829;5200803
5200852;5200829
5200902;5200852
5201108;5200902
5201207;5201108
5201306;5201207
5201405;5201306
5201454;5201405
5201504;5201454
5201603;5201504
5201702;5201603
5201801;5201702
5202155;5201801
5202353;5202155
5202502;5202353
5202601;5202502
5202809;5202601
5203104;5202809
5203203;5203104
5203302;5203203
5203401;5203302
5203500;5203401
5203559;5203500
5203575;5203559
5203609;5203575
5203807;5203609
5203906;5203807
5203939;5203906
5203962;5203939
5204003;5203962
5204102;5204003
5204201;5204102
5204250;5204201
5204300;5204250
5204409;5204300
5204508;5204409
5204557;5204508
5204607;5204557
5204656;5204607
5204706;5204656
5204805;5204706
5204854;5204805
5204904;5204854
5204953;5204904
5205000;5204953
5205059;5205000
5205109;5205059
5205208;5205109
5205307;5205208
5205406;5205307
5205455;5205406
5205471;5205455
5205497;5205471
5205513;5205497
5205521;5205513
5205703;5205521
5205802;5205703
5205901;5205802
5206206;5205901
5206305;5206206
5206404;5206305
5206503;5206404
5206602;5206503
5206701;5206602
5206800;5206701
5206909;5206800
5207105;5206909
5207253;5207105
5207352;5207253
5207402;5207352
5207501;5207402
5207535;5207501
5207600;5207535
5207808;5207600
5207907;5207808
5208004;5207907
5208103;5208004
5208152;5208103
5208301;5208152
5208400;5208301
5208509;5208400
5208608;5208509
5208707;5208608
5208806;5208707
5208905;5208806
5209101;5208905
5209150;5209101
5209200;5209150
5209291;5209200
5209408;5209291
5209457;5209408
5209606;5209457
5209705;5209606
5209804;5209705
5209903;5209804
5209937;5209903
5209952;5209937
5210000;5209952
5210109;5210000
5210158;5210109
5210208;5210158
5210307;5210208
5210406;5210307
5210562;5210406
5210604;5210562
5210802;5210604
5210901;5210802
5211008;5210901
5211206;5211008
5211305;5211206
5211404;5211305
5211503;5211404
5211602;5211503
5211701;5211602
5211800;5211701
5211909;5211800
5212006;5211909
5212055;5212006
5212105;5212055
5212204;5212105
5212253;5212204
5212303;5212253
5212501;5212303
5212600;5212501
5212709;5212600
5212808;5212709
5212907;5212808
5212956;5212907
5213004;5212956
5213053;5213004
5213087;5213053
5213103;5213087
5213400;5213103
5213509;5213400
5213707;5213509
5213756;5213707
5213772;5213756
5213806;5213772
5213855;5213806
5213905;5213855
5214002;5213905
5214051;5214002
5214101;5214051
5214408;5214101
5214507;5214408
5214606;5214507
5214705;5214606
5214804;5214705
5214838;5214804
5214861;5214838
5214879;5214861
5214903;5214879
5215009;5214903
5215207;5215009
5215231;5215207
5215256;5215231
5215306;5215256
5215405;5215306
5215504;5215405
5215603;5215504
5215652;5215603
5215702;5215652
5215801;5215702
5215900;5215801
5216007;5215900
5216304;5216007
5216403;5216304
5216452;5216403
5216809;5216452
5216908;5216809
5217104;5216908
5217203;5217104
5217302;5217203
5217401;5217302
5217609;5217401
5217708;5217609
5218003;5217708
5218052;5218003
5218102;5218052
5218300;5218102
5218391;5218300
5218508;5218391
5218607;5218508
5218706;5218607
5218789;5218706
5218805;5218789
5218904;5218805
5219001;5218904
5219100;5219001
5219209;5219100
5219258;5219209
5219308;5219258
5219357;5219308
5219407;5219357
5219456;5219407
5219506;5219456
5219605;5219506
5219704;5219605
5219712;5219704
5219738;5219712
5219753;5219738
5219803;5219753
5219902;5219803
5220009;5219902
5220058;5220009
5220108;5220058
5220157;5220108
5220207;5220157
5220264;5220207
5220280;5220264
5220405;5220280
5220454;5220405
5220504;5220454
5220603;5220504
5220686;5220603
5220702;5220686
5221007;5220702
5221080;5221007
5221197;5221080
5221304;5221197
5221403;5221304
5221452;5221403
5221502;5221452
5221551;5221502
5221577;5221551
5221601;5221577
5221700;5221601
5221809;5221700
5221858;5221809
5221908;5221858
5222005;5221908
5222054;5222005
5222203;5222054
5222302;5222203
5300108;5222302
;5300108
